index,title_cn,通过率,难度,index_en,title_en,Acceptance,Difficulty
1,两数之和 ,46.20%,简单,1,Two Sum    ,44.30%,Easy
2,两数相加 ,34.60%,中等,2,Add Two Numbers    ,31.30%,Medium
3,无重复字符的最长子串 ,30.10%,中等,3,Longest Substring Without Repeating Characters    ,28.50%,Medium
4,寻找两个有序数组的中位数 ,35.30%,困难,4,Median of Two Sorted Arrays    ,26.60%,Hard
5,最长回文子串 ,25.60%,中等,5,Longest Palindromic Substring    ,27.50%,Medium
6,Z 字形变换 ,43.10%,中等,6,ZigZag Conversion    ,32.20%,Medium
7,整数反转 ,32.60%,简单,7,Reverse Integer    ,25.40%,Easy
8,字符串转换整数 (atoi) ,17.20%,中等,8,String to Integer (atoi)    ,14.70%,Medium
9,回文数 ,56.20%,简单,9,Palindrome Number    ,43.80%,Easy
10,正则表达式匹配 ,23.20%,困难,10,Regular Expression Matching    ,25.40%,Hard
11,盛最多水的容器 ,56.20%,中等,11,Container With Most Water    ,45.20%,Medium
12,整数转罗马数字 ,59.50%,中等,12,Integer to Roman    ,51.30%,Medium
13,罗马数字转整数 ,58.10%,简单,13,Roman to Integer    ,52.60%,Easy
14,最长公共前缀 ,33.80%,简单,14,Longest Common Prefix    ,33.70%,Easy
15,三数之和 ,22.90%,中等,15,3Sum    ,24.20%,Medium
16,最接近的三数之和 ,41.10%,中等,16,3Sum Closest    ,45.80%,Medium
17,电话号码的字母组合 ,49.70%,中等,17,Letter Combinations of a Phone Number    ,42.00%,Medium
18,四数之和 ,35.60%,中等,18,4Sum    ,30.80%,Medium
19,删除链表的倒数第N个节点 ,34.20%,中等,19,Remove Nth Node From End of List    ,34.30%,Medium
20,有效的括号 ,38.60%,简单,20,Valid Parentheses    ,36.70%,Easy
21,合并两个有序链表 ,55.20%,简单,21,Merge Two Sorted Lists    ,47.70%,Easy
22,括号生成 ,70.60%,中等,22,Generate Parentheses    ,55.50%,Medium
23,合并K个排序链表 ,46.70%,困难,23,Merge k Sorted Lists    ,34.90%,Hard
24,两两交换链表中的节点 ,60.60%,中等,24,Swap Nodes in Pairs    ,45.10%,Medium
25,K 个一组翻转链表 ,52.50%,困难,25,Reverse Nodes in k-Group    ,36.80%,Hard
26,删除排序数组中的重复项 ,44.80%,简单,26,Remove Duplicates from Sorted Array    ,41.00%,Easy
27,移除元素 ,55.10%,简单,27,Remove Element    ,44.80%,Easy
28,实现strStr() ,38.40%,简单,28,Implement strStr()    ,32.30%,Easy
29,两数相除 ,18.40%,中等,29,Divide Two Integers    ,16.10%,Medium
30,串联所有单词的子串 ,26.60%,困难,30,Substring with Concatenation of All Words    ,23.70%,Hard
31,下一个排列 ,30.90%,中等,31,Next Permutation    ,30.60%,Medium
32,最长有效括号 ,27.30%,困难,32,Longest Valid Parentheses    ,25.70%,Hard
33,搜索旋转排序数组 ,36.60%,中等,33,Search in Rotated Sorted Array    ,33.00%,Medium
34,在排序数组中查找元素的第一个和最后一个位置 ,36.90%,中等,34,Find First and Last Position of Element in Sorted Array    ,33.70%,Medium
35,搜索插入位置 ,43.70%,简单,35,Search Insert Position     ,40.90%,Easy
36,有效的数独 ,53.90%,中等,36,Valid Sudoku    ,43.50%,Medium
37,解数独 ,54.30%,困难,37,Sudoku Solver    ,37.40%,Hard
38,报数 ,50.70%,简单,38,Count and Say    ,40.90%,Easy
39,组合总和 ,65.60%,中等,39,Combination Sum    ,49.10%,Medium
40,组合总和 II ,55.90%,中等,40,Combination Sum II    ,42.10%,Medium
41,缺失的第一个正数 ,35.60%,困难,41,First Missing Positive    ,29.10%,Hard
42,接雨水 ,44.40%,困难,42,Trapping Rain Water    ,43.60%,Hard
43,字符串相乘 ,39.50%,中等,43,Multiply Strings    ,30.90%,Medium
44,通配符匹配 ,23.50%,困难,44,Wildcard Matching    ,23.00%,Hard
45,跳跃游戏 II ,30.60%,困难,45,Jump Game II    ,28.20%,Hard
46,全排列 ,69.80%,中等,46,Permutations    ,55.80%,Medium
47,全排列 II ,52.80%,中等,47,Permutations II    ,40.90%,Medium
48,旋转图像 ,62.30%,中等,48,Rotate Image    ,49.10%,Medium
49,字母异位词分组 ,56.50%,中等,49,Group Anagrams    ,47.40%,Medium
50,"Pow(x, n) ",32.90%,中等,50,"Pow(x, n)    ",28.10%,Medium
51,N皇后 ,63.30%,困难,51,N-Queens    ,39.80%,Hard
52,N皇后 II ,73.70%,困难,52,N-Queens II    ,52.40%,Hard
53,最大子序和 ,45.70%,简单,53,Maximum Subarray    ,43.80%,Easy
54,螺旋矩阵 ,36.10%,中等,54,Spiral Matrix    ,30.70%,Medium
55,跳跃游戏 ,35.40%,中等,55,Jump Game    ,32.10%,Medium
56,合并区间 ,36.60%,中等,56,Merge Intervals    ,35.90%,Medium
57,插入区间 ,34.40%,困难,57,Insert Interval    ,31.40%,Hard
58,最后一个单词的长度 ,30.30%,简单,58,Length of Last Word    ,32.30%,Easy
59,螺旋矩阵 II ,73.30%,中等,59,Spiral Matrix II    ,47.00%,Medium
60,第k个排列 ,46.30%,中等,60,Permutation Sequence    ,33.40%,Medium
61,旋转链表 ,38.50%,中等,61,Rotate List    ,27.40%,Medium
62,不同路径 ,54.50%,中等,62,Unique Paths    ,48.00%,Medium
63,不同路径 II ,31.40%,中等,63,Unique Paths II    ,33.50%,Medium
64,最小路径和 ,61.40%,中等,64,Minimum Path Sum     ,47.30%,Medium
65,有效数字 ,15.20%,困难,65,Valid Number    ,14.10%,Hard
66,加一 ,39.30%,简单,66,Plus One    ,41.40%,Easy
67,二进制求和 ,49.10%,简单,67,Add Binary    ,39.50%,Easy
68,文本左右对齐 ,39.10%,困难,68,Text Justification    ,23.50%,Hard
69,x 的平方根 ,36.20%,简单,69,Sqrt(x)    ,31.60%,Easy
70,爬楼梯 ,45.70%,简单,70,Climbing Stairs    ,44.40%,Easy
71,简化路径 ,36.20%,中等,71,Simplify Path    ,29.00%,Medium
72,编辑距离 ,52.00%,困难,72,Edit Distance     ,38.20%,Hard
73,矩阵置零 ,53.60%,中等,73,Set Matrix Zeroes    ,40.10%,Medium
74,搜索二维矩阵 ,35.30%,中等,74,Search a 2D Matrix    ,35.00%,Medium
75,颜色分类 ,52.30%,中等,75,Sort Colors    ,42.50%,Medium
76,最小覆盖子串 ,35.80%,困难,76,Minimum Window Substring     ,31.10%,Hard
77,组合 ,68.80%,中等,77,Combinations     ,48.20%,Medium
78,子集 ,73.90%,中等,78,Subsets    ,53.40%,Medium
79,单词搜索 ,37.90%,中等,79,Word Search    ,31.50%,Medium
80,删除排序数组中的重复项 II ,50.40%,中等,80,Remove Duplicates from Sorted Array II    ,40.60%,Medium
81,搜索旋转排序数组 II ,33.80%,中等,81,Search in Rotated Sorted Array II    ,32.70%,Medium
82,删除排序链表中的重复元素 II ,41.90%,中等,82,Remove Duplicates from Sorted List II     ,33.30%,Medium
83,删除排序链表中的重复元素 ,46.50%,简单,83,Remove Duplicates from Sorted List    ,42.80%,Easy
84,柱状图中最大的矩形 ,38.20%,困难,84,Largest Rectangle in Histogram    ,31.40%,Hard
85,最大矩形 ,44.30%,困难,85,Maximal Rectangle    ,33.60%,Hard
86,分隔链表 ,50.20%,中等,86,Partition List    ,37.60%,Medium
87,扰乱字符串 ,42.50%,困难,87,Scramble String    ,31.80%,Hard
88,合并两个有序数组 ,44.30%,简单,88,Merge Sorted Array    ,36.00%,Easy
89,格雷编码 ,64.70%,中等,89,Gray Code    ,46.00%,Medium
90,子集 II ,55.40%,中等,90,Subsets II    ,42.70%,Medium
91,解码方法 ,21.10%,中等,91,Decode Ways    ,22.50%,Medium
92,反转链表 II ,45.10%,中等,92,Reverse Linked List II    ,35.20%,Medium
93,复原IP地址 ,44.90%,中等,93,Restore IP Addresses    ,31.70%,Medium
94,二叉树的中序遍历 ,66.20%,中等,94,Binary Tree Inorder Traversal    ,57.10%,Medium
95,不同的二叉搜索树 II ,56.70%,中等,95,Unique Binary Search Trees II     ,36.10%,Medium
96,不同的二叉搜索树 ,60.80%,中等,96,Unique Binary Search Trees    ,46.60%,Medium
97,交错字符串 ,37.20%,困难,97,Interleaving String     ,28.20%,Hard
98,验证二叉搜索树 ,26.30%,中等,98,Validate Binary Search Tree    ,25.90%,Medium
99,恢复二叉搜索树 ,53.70%,困难,99,Recover Binary Search Tree    ,34.90%,Hard
100,相同的树 ,53.20%,简单,100,Same Tree    ,50.20%,Easy
101,对称二叉树 ,47.00%,简单,101,Symmetric Tree    ,43.70%,Easy
102,二叉树的层次遍历 ,56.90%,中等,102,Binary Tree Level Order Traversal    ,48.90%,Medium
103,二叉树的锯齿形层次遍历 ,49.90%,中等,103,Binary Tree Zigzag Level Order Traversal    ,42.10%,Medium
104,二叉树的最大深度 ,69.50%,简单,104,Maximum Depth of Binary Tree    ,60.90%,Easy
105,从前序与中序遍历序列构造二叉树 ,58.70%,中等,105,Construct Binary Tree from Preorder and Inorder Traversal     ,41.60%,Medium
106,从中序与后序遍历序列构造二叉树 ,61.70%,中等,106,Construct Binary Tree from Inorder and Postorder Traversal    ,39.70%,Medium
107,二叉树的层次遍历 II ,61.20%,简单,107,Binary Tree Level Order Traversal II    ,47.20%,Easy
108,将有序数组转换为二叉搜索树 ,64.40%,简单,108,Convert Sorted Array to Binary Search Tree    ,51.30%,Easy
109,有序链表转换二叉搜索树 ,66.70%,中等,109,Convert Sorted List to Binary Search Tree    ,41.20%,Medium
110,平衡二叉树 ,48.60%,简单,110,Balanced Binary Tree    ,41.20%,Easy
111,二叉树的最小深度 ,39.00%,简单,111,Minimum Depth of Binary Tree    ,35.40%,Easy
112,路径总和 ,46.90%,简单,112,Path Sum    ,38.00%,Easy
113,路径总和 II ,55.90%,中等,113,Path Sum II    ,41.10%,Medium
114,二叉树展开为链表 ,62.10%,中等,114,Flatten Binary Tree to Linked List    ,42.90%,Medium
115,不同的子序列 ,44.20%,困难,115,Distinct Subsequences    ,35.30%,Hard
116,填充每个节点的下一个右侧节点指针 ,41.90%,中等,116,Populating Next Right Pointers in Each Node    ,38.30%,Medium
117,填充每个节点的下一个右侧节点指针 II ,37.90%,中等,117,Populating Next Right Pointers in Each Node II    ,34.70%,Medium
118,杨辉三角 ,62.80%,简单,118,Pascal's Triangle    ,46.50%,Easy
119,杨辉三角 II ,56.40%,简单,119,Pascal's Triangle II    ,44.00%,Easy
120,三角形最小路径和 ,60.10%,中等,120,Triangle    ,39.70%,Medium
121,买卖股票的最佳时机 ,50.10%,简单,121,Best Time to Buy and Sell Stock    ,47.50%,Easy
122,买卖股票的最佳时机 II ,53.90%,简单,122,Best Time to Buy and Sell Stock II    ,52.20%,Easy
123,买卖股票的最佳时机 III ,37.40%,困难,123,Best Time to Buy and Sell Stock III    ,34.00%,Hard
124,二叉树中的最大路径和 ,35.90%,困难,124,Binary Tree Maximum Path Sum    ,30.20%,Hard
125,验证回文串 ,40.10%,简单,125,Valid Palindrome    ,31.40%,Easy
126,单词接龙 II ,26.30%,困难,126,Word Ladder II    ,18.00%,Hard
127,单词接龙 ,35.70%,中等,127,Word Ladder    ,24.40%,Medium
128,最长连续序列 ,44.70%,困难,128,Longest Consecutive Sequence    ,42.00%,Hard
129,求根到叶子节点数字之和 ,57.80%,中等,129,Sum Root to Leaf Numbers    ,42.80%,Medium
130,被围绕的区域 ,36.60%,中等,130,Surrounded Regions    ,23.10%,Medium
131,分割回文串 ,62.80%,中等,131,Palindrome Partitioning    ,41.30%,Medium
132,分割回文串 II ,39.10%,困难,132,Palindrome Partitioning II     ,27.60%,Hard
133,克隆图 ,32.60%,中等,133,Clone Graph    ,27.00%,Medium
134,加油站 ,47.20%,中等,134,Gas Station    ,34.10%,Medium
135,分发糖果 ,40.30%,困难,135,Candy    ,28.60%,Hard
136,只出现一次的数字 ,61.70%,简单,136,Single Number    ,60.50%,Easy
137,只出现一次的数字 II ,64.40%,中等,137,Single Number II    ,46.20%,Medium
138,复制带随机指针的链表 ,32.40%,中等,138,Copy List with Random Pointer    ,27.60%,Medium
139,单词拆分 ,41.90%,中等,139,Word Break    ,35.60%,Medium
140,单词拆分 II ,37.70%,困难,140,Word Break II    ,27.50%,Hard
141,环形链表 ,40.50%,简单,141,Linked List Cycle    ,37.20%,Easy
142,环形链表 II ,40.70%,中等,142,Linked List Cycle II    ,32.40%,Medium
143,重排链表 ,50.00%,中等,143,Reorder List    ,31.20%,Medium
144,二叉树的前序遍历 ,60.30%,中等,144,Binary Tree Preorder Traversal    ,51.70%,Medium
145,二叉树的后序遍历 ,66.00%,困难,145,Binary Tree Postorder Traversal    ,49.00%,Hard
146,LRU缓存机制 ,41.30%,中等,146,LRU Cache    ,25.90%,Medium
147,对链表进行插入排序 ,58.50%,中等,147,Insertion Sort List    ,37.60%,Medium
148,排序链表 ,60.80%,中等,148,Sort List    ,35.80%,Medium
149,直线上最多的点数 ,17.70%,困难,149,Max Points on a Line    ,15.80%,Hard
150,逆波兰表达式求值 ,44.80%,中等,150,Evaluate Reverse Polish Notation    ,32.50%,Medium
151,翻转字符串里的单词 ,26.80%,中等,151,Reverse Words in a String    ,17.00%,Medium
152,乘积最大子序列 ,34.50%,中等,152,Maximum Product Subarray    ,29.40%,Medium
153,寻找旋转排序数组中的最小值 ,49.40%,中等,153,Find Minimum in Rotated Sorted Array    ,43.10%,Medium
154,寻找旋转排序数组中的最小值 II ,44.70%,困难,154,Find Minimum in Rotated Sorted Array II    ,39.40%,Hard
155,最小栈 ,49.00%,简单,155,Min Stack    ,37.50%,Easy
156,上下翻转二叉树 ,66.40%,中等,156,Binary Tree Upside Down    ,51.10%,Medium
157,用 Read4 读取 N 个字符 ,54.00%,简单,157,Read N Characters Given Read4    ,29.70%,Easy
158,用 Read4 读取 N 个字符 II ,51.20%,困难,158,Read N Characters Given Read4 II - Call multiple times    ,26.60%,Hard
159,至多包含两个不同字符的最长子串 ,68.50%,困难,159,Longest Substring with At Most Two Distinct Characters    ,47.20%,Hard
160,相交链表 ,44.60%,简单,160,Intersection of Two Linked Lists    ,34.30%,Easy
161,相隔为 1 的编辑距离 ,32.00%,中等,161,One Edit Distance    ,31.70%,Medium
162,寻找峰值 ,40.20%,中等,162,Find Peak Element    ,41.40%,Medium
163,缺失的区间 ,26.30%,中等,163,Missing Ranges    ,23.30%,Medium
164,最大间距 ,50.70%,困难,164,Maximum Gap    ,32.70%,Hard
165,比较版本号 ,31.30%,中等,165,Compare Version Numbers    ,23.80%,Medium
166,分数到小数 ,24.20%,中等,166,Fraction to Recurring Decimal    ,19.60%,Medium
167,两数之和 II - 输入有序数组 ,48.90%,简单,167,Two Sum II - Input array is sorted    ,50.60%,Easy
168,Excel表列名称 ,33.20%,简单,168,Excel Sheet Column Title    ,29.10%,Easy
169,求众数 ,59.80%,简单,169,Majority Element    ,53.00%,Easy
170,两数之和 III - 数据结构设计 ,40.10%,简单,170,Two Sum III - Data structure design    ,30.60%,Easy
171,Excel表列序号 ,64.50%,简单,171,Excel Sheet Column Number    ,51.70%,Easy
172,阶乘后的零 ,38.70%,简单,172,Factorial Trailing Zeroes    ,37.40%,Easy
173,二叉搜索树迭代器 ,63.70%,中等,173,Binary Search Tree Iterator    ,49.10%,Medium
174,地下城游戏 ,36.00%,困难,174,Dungeon Game    ,27.30%,Hard
175,组合两个表 ,68.90%,简单,175,Combine Two Tables    ,52.40%,Easy
176,第二高的薪水 ,31.00%,简单,176,Second Highest Salary    ,27.50%,Easy
177,第N高的薪水 ,40.00%,中等,177,Nth Highest Salary    ,26.60%,Medium
178,分数排名 ,53.90%,中等,178,Rank Scores    ,37.10%,Medium
179,最大数 ,32.30%,中等,179,Largest Number    ,26.00%,Medium
180,连续出现的数字 ,44.70%,中等,180,Consecutive Numbers    ,34.00%,Medium
181,超过经理收入的员工 ,64.80%,简单,181,Employees Earning More Than Their Managers    ,48.90%,Easy
182,查找重复的电子邮箱 ,75.10%,简单,182,Duplicate Emails    ,55.30%,Easy
183,从不订购的客户 ,61.60%,简单,183,Customers Who Never Order    ,45.40%,Easy
184,部门工资最高的员工 ,38.50%,中等,184,Department Highest Salary    ,29.40%,Medium
185,部门工资前三高的员工 ,34.40%,困难,185,Department Top Three Salaries    ,26.50%,Hard
186,翻转字符串里的单词 II ,69.90%,中等,186,Reverse Words in a String II    ,38.10%,Medium
187,重复的DNA序列 ,42.70%,中等,187,Repeated DNA Sequences    ,36.30%,Medium
188,买卖股票的最佳时机 IV ,28.20%,困难,188,Best Time to Buy and Sell Stock IV    ,26.40%,Hard
189,旋转数组 ,37.80%,简单,189,Rotate Array    ,30.50%,Easy
190,颠倒二进制位 ,43.30%,简单,190,Reverse Bits    ,31.70%,Easy
191,位1的个数 ,54.50%,简单,191,Number of 1 Bits    ,43.60%,Easy
192,统计词频 ,30.30%,中等,192,Word Frequency    ,26.80%,Medium
193,有效电话号码 ,25.50%,简单,193,Valid Phone Numbers    ,25.20%,Easy
194,转置文件 ,32.70%,中等,194,Transpose File    ,22.90%,Medium
195,第十行 ,40.20%,简单,195,Tenth Line    ,33.90%,Easy
196,删除重复的电子邮箱 ,53.40%,简单,196,Delete Duplicate Emails    ,33.40%,Easy
197,上升的温度 ,44.50%,简单,197,Rising Temperature    ,35.10%,Easy
198,打家劫舍 ,40.50%,简单,198,House Robber    ,41.10%,Easy
199,二叉树的右视图 ,59.10%,中等,199,Binary Tree Right Side View    ,48.30%,Medium
200,岛屿数量 ,44.30%,中等,200,Number of Islands    ,41.90%,Medium
201,数字范围按位与 ,40.40%,中等,201,Bitwise AND of Numbers Range    ,36.10%,Medium
202,快乐数 ,53.80%,简单,202,Happy Number    ,45.60%,Easy
203,移除链表元素 ,41.60%,简单,203,Remove Linked List Elements    ,36.00%,Easy
204,计数质数 ,28.60%,简单,204,Count Primes    ,29.20%,Easy
205,同构字符串 ,44.80%,简单,205,Isomorphic Strings    ,37.60%,Easy
206,反转链表 ,62.40%,简单,206,Reverse Linked List     ,55.30%,Easy
207,课程表 ,46.60%,中等,207,Course Schedule    ,38.20%,Medium
208,实现 Trie (前缀树) ,59.00%,中等,208,Implement Trie (Prefix Tree)    ,39.00%,Medium
209,长度最小的子数组 ,38.90%,中等,209,Minimum Size Subarray Sum     ,35.10%,Medium
210,课程表 II ,46.90%,中等,210,Course Schedule II    ,35.20%,Medium
211,添加与搜索单词 - 数据结构设计 ,38.70%,中等,211,Add and Search Word - Data structure design    ,30.70%,Medium
212,单词搜索 II ,34.30%,困难,212,Word Search II    ,29.00%,Hard
213,打家劫舍 II ,33.50%,中等,213,House Robber II    ,35.40%,Medium
214,最短回文串 ,31.50%,困难,214,Shortest Palindrome    ,27.70%,Hard
215,数组中的第K个最大元素 ,57.30%,中等,215,Kth Largest Element in an Array    ,48.30%,Medium
216,组合总和 III ,67.60%,中等,216,Combination Sum III    ,51.90%,Medium
217,存在重复元素 ,48.80%,简单,217,Contains Duplicate    ,52.30%,Easy
218,天际线问题 ,38.00%,困难,218,The Skyline Problem    ,31.80%,Hard
219,存在重复元素 II ,34.80%,简单,219,Contains Duplicate II    ,35.50%,Easy
220,存在重复元素 III ,24.30%,中等,220,Contains Duplicate III    ,19.80%,Medium
221,最大正方形 ,37.60%,中等,221,Maximal Square    ,33.30%,Medium
222,完全二叉树的节点个数 ,51.80%,中等,222,Count Complete Tree Nodes    ,34.40%,Medium
223,矩形面积 ,40.80%,中等,223,Rectangle Area    ,36.00%,Medium
224,基本计算器 ,32.20%,困难,224,Basic Calculator    ,33.00%,Hard
225,用队列实现栈 ,59.50%,简单,225,Implement Stack using Queues    ,39.60%,Easy
226,翻转二叉树 ,70.50%,简单,226,Invert Binary Tree    ,58.60%,Easy
227,基本计算器 II ,32.60%,中等,227,Basic Calculator II    ,33.70%,Medium
228,汇总区间 ,48.10%,中等,228,Summary Ranges    ,36.20%,Medium
229,求众数 II ,41.30%,中等,229,Majority Element II    ,32.40%,Medium
230,二叉搜索树中第K小的元素 ,64.60%,中等,230,Kth Smallest Element in a BST    ,51.90%,Medium
231,2的幂 ,46.30%,简单,231,Power of Two    ,42.10%,Easy
232,用栈实现队列 ,60.50%,简单,232,Implement Queue using Stacks    ,43.70%,Easy
233,数字 1 的个数 ,28.90%,困难,233,Number of Digit One    ,30.30%,Hard
234,回文链表 ,37.40%,简单,234,Palindrome Linked List    ,36.30%,Easy
235,二叉搜索树的最近公共祖先 ,59.60%,简单,235,Lowest Common Ancestor of a Binary Search Tree    ,45.10%,Easy
236,二叉树的最近公共祖先 ,55.30%,中等,236,Lowest Common Ancestor of a Binary Tree    ,37.90%,Medium
237,删除链表中的节点 ,74.50%,简单,237,Delete Node in a Linked List    ,54.00%,Easy
238,除自身以外数组的乘积 ,61.30%,中等,238,Product of Array Except Self    ,55.40%,Medium
239,滑动窗口最大值 ,41.60%,困难,239,Sliding Window Maximum    ,38.40%,Hard
240,搜索二维矩阵 II ,37.00%,中等,240,Search a 2D Matrix II    ,41.00%,Medium
241,为运算表达式设计优先级 ,68.00%,中等,241,Different Ways to Add Parentheses     ,50.30%,Medium
242,有效的字母异位词 ,53.80%,简单,242,Valid Anagram    ,52.50%,Easy
243,最短单词距离 ,70.10%,简单,243,Shortest Word Distance    ,57.60%,Easy
244,最短单词距离 II ,60.10%,中等,244,Shortest Word Distance II    ,47.60%,Medium
245,最短单词距离 III ,75.00%,中等,245,Shortest Word Distance III    ,53.60%,Medium
246,中心对称数 ,43.20%,简单,246,Strobogrammatic Number    ,42.50%,Easy
247,中心对称数 II ,45.50%,中等,247,Strobogrammatic Number II    ,44.60%,Medium
248,中心对称数 III ,27.00%,困难,248,Strobogrammatic Number III    ,36.70%,Hard
249,移位字符串分组 ,48.60%,中等,249,Group Shifted Strings    ,49.10%,Medium
250,统计同值子树 ,58.80%,中等,250,Count Univalue Subtrees    ,49.10%,Medium
251,展开二维向量 ,45.30%,中等,251,Flatten 2D Vector    ,43.90%,Medium
252,会议室 ,55.90%,简单,252,Meeting Rooms    ,52.20%,Easy
253,会议室 II ,34.20%,中等,253,Meeting Rooms II    ,43.10%,Medium
254,因子的组合 ,49.20%,中等,254,Factor Combinations    ,44.50%,Medium
255,验证前序遍历序列二叉搜索树 ,32.80%,中等,255,Verify Preorder Sequence in Binary Search Tree    ,43.70%,Medium
256,粉刷房子 ,56.60%,简单,256,Paint House    ,49.10%,Easy
257,二叉树的所有路径 ,58.70%,简单,257,Binary Tree Paths    ,46.30%,Easy
258,各位相加 ,63.60%,简单,258,Add Digits    ,54.30%,Easy
259,较小的三数之和 ,56.10%,中等,259,3Sum Smaller    ,45.10%,Medium
260,只出现一次的数字 III ,65.20%,中等,260,Single Number III    ,57.30%,Medium
261,以图判树 ,40.50%,中等,261,Graph Valid Tree    ,40.00%,Medium
262,行程和用户 ,41.30%,困难,262,Trips and Users    ,25.50%,Hard
263,丑数 ,46.70%,简单,263,Ugly Number    ,40.70%,Easy
264,丑数 II ,45.40%,中等,264,Ugly Number II    ,36.60%,Medium
265,粉刷房子 II ,48.10%,困难,265,Paint House II    ,41.70%,Hard
266,回文排列 ,65.50%,简单,266,Palindrome Permutation    ,60.20%,Easy
267,回文排列 II ,53.40%,中等,267,Palindrome Permutation II    ,33.90%,Medium
268,缺失数字 ,51.20%,简单,268,Missing Number    ,48.60%,Easy
269,火星词典 ,36.80%,困难,269,Alien Dictionary    ,31.30%,Hard
270,最接近的二叉搜索树值 ,49.10%,简单,270,Closest Binary Search Tree Value    ,44.00%,Easy
271,字符串的编码与解码 ,45.70%,中等,271,Encode and Decode Strings    ,27.00%,Medium
272,最接近的二叉搜索树值 II ,55.90%,困难,272,Closest Binary Search Tree Value II    ,45.40%,Hard
273,整数转换英文表示 ,22.40%,困难,273,Integer to English Words    ,24.50%,Hard
274,H指数 ,35.00%,中等,274,H-Index    ,34.70%,Medium
275,H指数 II ,38.70%,中等,275,H-Index II    ,35.50%,Medium
276,栅栏涂色 ,52.10%,简单,276,Paint Fence    ,36.60%,Easy
277,搜寻名人 ,44.00%,中等,277,Find the Celebrity    ,37.10%,Medium
278,第一个错误的版本 ,31.70%,简单,278,First Bad Version    ,30.30%,Easy
279,完全平方数 ,50.10%,中等,279,Perfect Squares     ,42.30%,Medium
280,摆动排序 ,69.50%,中等,280,Wiggle Sort    ,61.20%,Medium
281,锯齿迭代器 ,63.90%,中等,281,Zigzag Iterator    ,56.10%,Medium
282,给表达式添加运算符 ,29.80%,困难,282,Expression Add Operators    ,32.90%,Hard
283,移动零 ,54.80%,简单,283,Move Zeroes    ,54.50%,Easy
284,顶端迭代器 ,68.00%,中等,284,Peeking Iterator    ,40.90%,Medium
285,二叉搜索树中的顺序后继 ,53.20%,中等,285,Inorder Successor in BST    ,35.10%,Medium
286,墙与门 ,48.30%,中等,286,Walls and Gates    ,49.80%,Medium
287,寻找重复数 ,59.60%,中等,287,Find the Duplicate Number    ,50.00%,Medium
288,单词的唯一缩写 ,31.60%,中等,288,Unique Word Abbreviation    ,20.10%,Medium
289,生命游戏 ,63.00%,中等,289,Game of Life    ,45.90%,Medium
290,单词规律 ,39.30%,简单,290,Word Pattern    ,35.20%,Easy
291,单词规律 II ,36.80%,困难,291,Word Pattern II    ,41.10%,Hard
292,Nim 游戏 ,68.90%,简单,292,Nim Game    ,55.70%,Easy
293,翻转游戏 ,80.10%,简单,293,Flip Game    ,59.00%,Easy
294,翻转游戏 II ,41.30%,中等,294,Flip Game II    ,48.40%,Medium
295,数据流的中位数 ,35.70%,困难,295,Find Median from Data Stream    ,37.10%,Hard
296,最佳的碰头地点 ,48.60%,困难,296,Best Meeting Point    ,55.00%,Hard
297,二叉树的序列化与反序列化 ,39.40%,困难,297,Serialize and Deserialize Binary Tree    ,41.40%,Hard
298,二叉树最长连续序列 ,46.10%,中等,298,Binary Tree Longest Consecutive Sequence    ,44.20%,Medium
299,猜数字游戏 ,44.70%,中等,299,Bulls and Cows    ,39.70%,Medium
300,最长上升子序列 ,42.20%,中等,300,Longest Increasing Subsequence     ,41.00%,Medium
301,删除无效的括号 ,40.10%,困难,301,Remove Invalid Parentheses    ,39.50%,Hard
302,包含全部黑色像素的最小矩形 ,68.40%,困难,302,Smallest Rectangle Enclosing Black Pixels    ,49.40%,Hard
303,区域和检索 - 数组不可变 ,54.60%,简单,303,Range Sum Query - Immutable    ,38.40%,Easy
304,二维区域和检索 - 矩阵不可变 ,39.60%,中等,304,Range Sum Query 2D - Immutable    ,32.70%,Medium
305,岛屿数量 II ,23.90%,困难,305,Number of Islands II    ,41.70%,Hard
306,累加数 ,30.40%,中等,306,Additive Number    ,28.40%,Medium
307,区域和检索 - 数组可修改 ,50.00%,中等,307,Range Sum Query - Mutable    ,29.00%,Medium
308,二维区域和检索 - 可变 ,57.10%,困难,308,Range Sum Query 2D - Mutable    ,32.20%,Hard
309,最佳买卖股票时机含冷冻期 ,47.70%,中等,309,Best Time to Buy and Sell Stock with Cooldown    ,44.20%,Medium
310,最小高度树 ,34.80%,中等,310,Minimum Height Trees    ,30.30%,Medium
311,稀疏矩阵的乘法 ,77.50%,中等,311,Sparse Matrix Multiplication    ,56.70%,Medium
312,戳气球 ,53.60%,困难,312,Burst Balloons    ,47.60%,Hard
313,超级丑数 ,55.20%,中等,313,Super Ugly Number    ,41.70%,Medium
314,二叉树的垂直遍历 ,48.00%,中等,314,Binary Tree Vertical Order Traversal    ,41.20%,Medium
315,计算右侧小于当前元素的个数 ,37.90%,困难,315,Count of Smaller Numbers After Self    ,38.40%,Hard
316,去除重复字母 ,31.10%,困难,316,Remove Duplicate Letters    ,32.80%,Hard
317,离建筑物最近的距离 ,45.50%,困难,317,Shortest Distance from All Buildings    ,38.10%,Hard
318,最大单词长度乘积 ,56.70%,中等,318,Maximum Product of Word Lengths    ,48.70%,Medium
319,灯泡开关 ,40.70%,中等,319,Bulb Switcher    ,44.00%,Medium
320,列举单词的全部缩写 ,72.40%,中等,320,Generalized Abbreviation    ,48.90%,Medium
321,拼接最大数 ,26.70%,困难,321,Create Maximum Number    ,25.50%,Hard
322,零钱兑换 ,33.10%,中等,322,Coin Change     ,30.80%,Medium
323,无向图中连通分量的数目 ,50.00%,中等,323,Number of Connected Components in an Undirected Graph    ,52.30%,Medium
324,摆动排序 II ,32.30%,中等,324,Wiggle Sort II    ,28.10%,Medium
325,和等于 k 的最长子数组长度 ,33.80%,中等,325,Maximum Size Subarray Sum Equals k    ,44.80%,Medium
326,3的幂 ,44.60%,简单,326,Power of Three    ,41.70%,Easy
327,区间和的个数 ,33.00%,困难,327,Count of Range Sum    ,32.90%,Hard
328,奇偶链表 ,57.30%,中等,328,Odd Even Linked List    ,49.50%,Medium
329,矩阵中的最长递增路径 ,38.60%,困难,329,Longest Increasing Path in a Matrix    ,40.30%,Hard
330,按要求补齐数组 ,38.60%,困难,330,Patching Array    ,33.40%,Hard
331,验证二叉树的前序序列化 ,42.10%,中等,331,Verify Preorder Serialization of a Binary Tree    ,38.80%,Medium
332,重新安排行程 ,31.40%,中等,332,Reconstruct Itinerary    ,31.70%,Medium
333,最大 BST 子树 ,30.10%,中等,333,Largest BST Subtree    ,33.20%,Medium
334,递增的三元子序列 ,34.30%,中等,334,Increasing Triplet Subsequence    ,39.60%,Medium
335,路径交叉 ,28.70%,困难,335,Self Crossing    ,27.00%,Hard
336,回文对 ,27.70%,困难,336,Palindrome Pairs    ,31.10%,Hard
337,打家劫舍 III ,53.90%,中等,337,House Robber III     ,48.30%,Medium
338,比特位计数 ,72.70%,中等,338,Counting Bits    ,65.00%,Medium
339,嵌套列表权重和 ,77.30%,简单,339,Nested List Weight Sum    ,68.60%,Easy
340,至多包含 K 个不同字符的最长子串 ,35.40%,困难,340,Longest Substring with At Most K Distinct Characters    ,40.00%,Hard
341,扁平化嵌套列表迭代器 ,59.60%,中等,341,Flatten Nested List Iterator    ,48.20%,Medium
342,4的幂 ,45.90%,简单,342,Power of Four    ,40.40%,Easy
343,整数拆分 ,51.20%,中等,343,Integer Break    ,48.00%,Medium
344,反转字符串 ,66.90%,简单,344,Reverse String    ,63.50%,Easy
345,反转字符串中的元音字母 ,47.20%,简单,345,Reverse Vowels of a String    ,41.70%,Easy
346,数据流中的移动平均值 ,73.50%,简单,346,Moving Average from Data Stream    ,66.50%,Easy
347,前K个高频元素 ,56.90%,中等,347,Top K Frequent Elements    ,55.30%,Medium
348,判定井字棋胜负 ,57.10%,中等,348,Design Tic-Tac-Toe    ,50.00%,Medium
349,两个数组的交集 ,63.80%,简单,349,Intersection of Two Arrays    ,55.10%,Easy
350,两个数组的交集 II ,42.40%,简单,350,Intersection of Two Arrays II    ,48.10%,Easy
351,安卓系统手势解锁 ,80.00%,中等,351,Android Unlock Patterns    ,46.00%,Medium
352,将数据流变为多个不相交区间 ,51.70%,困难,352,Data Stream as Disjoint Intervals    ,43.70%,Hard
353,贪吃蛇 ,37.50%,中等,353,Design Snake Game    ,30.80%,Medium
354,俄罗斯套娃信封问题 ,32.00%,困难,354,Russian Doll Envelopes    ,34.10%,Hard
355,设计推特 ,32.80%,中等,355,Design Twitter    ,27.50%,Medium
356,直线镜像 ,31.40%,中等,356,Line Reflection    ,30.90%,Medium
357,计算各个位数不同的数字个数 ,45.70%,中等,357,Count Numbers with Unique Digits    ,47.10%,Medium
358,K 距离间隔重排字符串 ,26.40%,困难,358,Rearrange String k Distance Apart    ,33.00%,Hard
359,日志速率限制器 ,56.30%,简单,359,Logger Rate Limiter    ,65.40%,Easy
360,有序转化数组 ,46.40%,中等,360,Sort Transformed Array    ,46.90%,Medium
361,轰炸敌人 ,49.00%,中等,361,Bomb Enemy    ,43.60%,Medium
362,敲击计数器 ,80.80%,中等,362,Design Hit Counter    ,59.20%,Medium
363,矩形区域不超过 K 的最大数值和 ,32.50%,困难,363,Max Sum of Rectangle No Larger Than K    ,35.30%,Hard
364,加权嵌套序列和 II ,80.60%,中等,364,Nested List Weight Sum II    ,58.00%,Medium
365,水壶问题 ,27.00%,中等,365,Water and Jug Problem    ,29.00%,Medium
366,寻找完全二叉树的叶子节点 ,61.70%,中等,366,Find Leaves of Binary Tree    ,66.10%,Medium
367,有效的完全平方数 ,41.50%,简单,367,Valid Perfect Square    ,40.00%,Easy
368,最大整除子集 ,33.80%,中等,368,Largest Divisible Subset    ,34.90%,Medium
369,给单链表加一 ,51.20%,中等,369,Plus One Linked List    ,56.40%,Medium
370,区间加法 ,61.90%,中等,370,Range Addition    ,60.60%,Medium
371,两整数之和 ,51.70%,简单,371,Sum of Two Integers    ,50.90%,Easy
372,超级次方 ,34.30%,中等,372,Super Pow    ,35.70%,Medium
373,查找和最小的K对数字 ,35.50%,中等,373,Find K Pairs with Smallest Sums    ,34.00%,Medium
374,猜数字大小 ,38.60%,简单,374,Guess Number Higher or Lower    ,39.60%,Easy
375,猜数字大小 II ,33.40%,中等,375,Guess Number Higher or Lower II    ,37.90%,Medium
376,摆动序列 ,38.20%,中等,376,Wiggle Subsequence    ,37.60%,Medium
377,组合总和 Ⅳ ,39.50%,中等,377,Combination Sum IV    ,43.70%,Medium
378,有序矩阵中第K小的元素 ,55.70%,中等,378,Kth Smallest Element in a Sorted Matrix    ,49.70%,Medium
379,电话目录管理系统 ,69.40%,中等,379,Design Phone Directory    ,41.70%,Medium
380,常数时间插入、删除和获取随机元素 ,45.20%,中等,380,Insert Delete GetRandom O(1)    ,43.00%,Medium
381,O(1) 时间插入、删除和获取随机元素 - 允许重复 ,32.70%,困难,381,Insert Delete GetRandom O(1) - Duplicates allowed    ,32.10%,Hard
382,链表随机节点 ,53.60%,中等,382,Linked List Random Node    ,49.50%,Medium
383,赎金信 ,48.30%,简单,383,Ransom Note    ,50.10%,Easy
384,打乱数组 ,45.90%,中等,384,Shuffle an Array    ,50.30%,Medium
385,迷你语法分析器 ,38.60%,中等,385,Mini Parser    ,32.00%,Medium
386,字典序排数 ,59.20%,中等,386,Lexicographical Numbers    ,46.50%,Medium
387,字符串中的第一个唯一字符 ,39.00%,简单,387,First Unique Character in a String    ,50.20%,Easy
388,文件的最长绝对路径 ,45.00%,中等,388,Longest Absolute File Path    ,39.30%,Medium
389,找不同 ,57.10%,简单,389,Find the Difference    ,53.20%,Easy
390,消除游戏 ,38.50%,中等,390,Elimination Game    ,43.40%,Medium
391,完美矩形 ,21.80%,困难,391,Perfect Rectangle    ,28.30%,Hard
392,判断子序列 ,47.70%,中等,392,Is Subsequence    ,47.00%,Medium
393,UTF-8 编码验证 ,35.90%,中等,393,UTF-8 Validation    ,36.00%,Medium
394,字符串解码 ,43.80%,中等,394,Decode String     ,45.20%,Medium
395,至少有K个重复字符的最长子串 ,39.60%,中等,395,Longest Substring with At Least K Repeating Characters    ,38.80%,Medium
396,旋转函数 ,36.50%,中等,396,Rotate Function    ,35.20%,Medium
397,整数替换 ,30.80%,中等,397,Integer Replacement    ,31.50%,Medium
398,随机数索引 ,53.50%,中等,398,Random Pick Index    ,50.30%,Medium
399,除法求值 ,48.80%,中等,399,Evaluate Division    ,47.80%,Medium
400,第N个数字 ,32.00%,简单,400,Nth Digit    ,30.40%,Easy
401,二进制手表 ,48.10%,简单,401,Binary Watch    ,45.40%,Easy
402,移掉K位数字 ,25.80%,中等,402,Remove K Digits    ,26.70%,Medium
403,青蛙过河 ,27.80%,困难,403,Frog Jump    ,36.40%,Hard
404,左叶子之和 ,50.20%,简单,404,Sum of Left Leaves    ,49.20%,Easy
405,数字转换为十六进制数 ,46.00%,简单,405,Convert a Number to Hexadecimal    ,42.00%,Easy
406,根据身高重建队列 ,62.30%,中等,406,Queue Reconstruction by Height    ,60.10%,Medium
407,接雨水 II ,30.50%,困难,407,Trapping Rain Water II    ,39.40%,Hard
408,有效单词缩写 ,28.20%,简单,408,Valid Word Abbreviation    ,29.60%,Easy
409,最长回文串 ,48.40%,简单,409,Longest Palindrome    ,48.20%,Easy
410,分割数组的最大值 ,36.90%,困难,410,Split Array Largest Sum     ,42.60%,Hard
411,最短特异单词缩写 ,40.00%,困难,411,Minimum Unique Word Abbreviation    ,35.10%,Hard
412,Fizz Buzz ,60.20%,简单,412,Fizz Buzz    ,59.70%,Easy
413,等差数列划分 ,54.90%,中等,413,Arithmetic Slices    ,56.00%,Medium
414,第三大的数 ,31.80%,简单,414,Third Maximum Number    ,29.10%,Easy
415,字符串相加 ,45.90%,简单,415,Add Strings    ,43.90%,Easy
416,分割等和子集 ,41.30%,中等,416,Partition Equal Subset Sum     ,40.90%,Medium
417,太平洋大西洋水流问题 ,38.50%,中等,417,Pacific Atlantic Water Flow    ,37.60%,Medium
418,屏幕可显示句子的数量 ,20.60%,中等,418,Sentence Screen Fitting    ,31.20%,Medium
419,甲板上的战舰 ,65.20%,中等,419,Battleships in a Board    ,65.90%,Medium
420,强密码检验器 ,14.20%,困难,420,Strong Password Checker    ,17.20%,Hard
421,数组中两个数的最大异或值 ,55.70%,中等,421,Maximum XOR of Two Numbers in an Array    ,51.20%,Medium
422,有效的单词方块 ,41.00%,简单,422,Valid Word Square    ,36.60%,Easy
423,从英文中重建数字 ,48.20%,中等,423,Reconstruct Original Digits from English    ,45.70%,Medium
424,替换后的最长重复字符 ,38.40%,中等,424,Longest Repeating Character Replacement    ,44.30%,Medium
425,单词方块 ,53.80%,困难,425,Word Squares    ,44.50%,Hard
426,将二叉搜索树转化为排序的双向链表 ,65.80%,中等,426,Convert Binary Search Tree to Sorted Doubly Linked List    ,52.50%,Medium
427,建立四叉树 ,55.70%,中等,427,Construct Quad Tree    ,57.30%,Medium
428,序列化和反序列化 N 叉树 ,100.00%,困难,428,Serialize and Deserialize N-ary Tree    ,54.20%,Hard
429,N叉树的层序遍历 ,61.90%,简单,429,N-ary Tree Level Order Traversal    ,59.80%,Easy
430,扁平化多级双向链表 ,41.00%,中等,430,Flatten a Multilevel Doubly Linked List    ,42.60%,Medium
431,将 N 叉树编码为二叉树 ,100.00%,困难,431,Encode N-ary Tree to Binary Tree    ,64.20%,Hard
432,全 O(1) 的数据结构 ,35.10%,困难,432,All O`one Data Structure    ,29.70%,Hard
433,最小基因变化 ,41.40%,中等,433,Minimum Genetic Mutation    ,38.40%,Medium
434,字符串中的单词数 ,31.10%,简单,434,Number of Segments in a String    ,37.00%,Easy
435,无重叠区间 ,41.50%,中等,435,Non-overlapping Intervals    ,41.60%,Medium
436,寻找右区间 ,38.50%,中等,436,Find Right Interval    ,42.90%,Medium
437,路径总和 III ,50.30%,简单,437,Path Sum III     ,43.10%,Easy
438,找到字符串中所有字母异位词 ,38.00%,简单,438,Find All Anagrams in a String    ,37.50%,Easy
439,三元表达式解析器 ,51.30%,中等,439,Ternary Expression Parser    ,53.70%,Medium
440,字典序的第K小数字 ,27.50%,困难,440,K-th Smallest in Lexicographical Order    ,26.60%,Hard
441,排列硬币 ,38.20%,简单,441,Arranging Coins    ,38.10%,Easy
442,数组中重复的数据 ,61.30%,中等,442,Find All Duplicates in an Array    ,61.30%,Medium
443,压缩字符串 ,35.10%,简单,443,String Compression    ,37.90%,Easy
444,序列重建 ,31.40%,中等,444,Sequence Reconstruction    ,20.50%,Medium
445,两数相加 II ,49.40%,中等,445,Add Two Numbers II    ,50.40%,Medium
446,等差数列划分 II - 子序列 ,28.20%,困难,446,Arithmetic Slices II - Subsequence    ,30.30%,Hard
447,回旋镖的数量 ,54.00%,简单,447,Number of Boomerangs    ,50.00%,Easy
448,找到所有数组中消失的数字 ,50.40%,简单,448,Find All Numbers Disappeared in an Array    ,53.60%,Easy
449,序列化和反序列化二叉搜索树 ,47.90%,中等,449,Serialize and Deserialize BST    ,47.50%,Medium
450,删除二叉搜索树中的节点 ,35.20%,中等,450,Delete Node in a BST    ,40.20%,Medium
451,根据字符出现频率排序 ,58.70%,中等,451,Sort Characters By Frequency    ,56.40%,Medium
452,用最少数量的箭引爆气球 ,45.30%,中等,452,Minimum Number of Arrows to Burst Balloons    ,46.60%,Medium
453,最小移动次数使数组元素相等 ,51.30%,简单,453,Minimum Moves to Equal Array Elements    ,49.30%,Easy
454,四数相加 II ,52.80%,中等,454,4Sum II    ,50.80%,Medium
455,分发饼干 ,49.90%,简单,455,Assign Cookies    ,48.50%,Easy
456,132模式 ,23.10%,中等,456,132 Pattern    ,27.40%,Medium
457,环形数组循环 ,30.10%,中等,457,Circular Array Loop    ,27.70%,Medium
458,可怜的小猪 ,49.80%,困难,458,Poor Pigs    ,45.50%,Hard
459,重复的子字符串 ,41.20%,简单,459,Repeated Substring Pattern    ,40.00%,Easy
460,LFU缓存 ,33.30%,困难,460,LFU Cache    ,29.00%,Hard
461,汉明距离 ,70.50%,简单,461,Hamming Distance    ,70.40%,Easy
462,最少移动次数使数组元素相等 II ,53.00%,中等,462,Minimum Moves to Equal Array Elements II    ,52.50%,Medium
463,岛屿的周长 ,61.20%,简单,463,Island Perimeter    ,61.20%,Easy
464,我能赢吗 ,30.60%,中等,464,Can I Win    ,27.30%,Medium
465,最优账单平衡 ,70.60%,困难,465,Optimal Account Balancing    ,43.00%,Hard
466,统计重复个数 ,25.90%,困难,466,Count The Repetitions    ,27.30%,Hard
467,环绕字符串中唯一的子字符串 ,34.90%,中等,467,Unique Substrings in Wraparound String    ,34.10%,Medium
468,验证IP地址 ,19.30%,中等,468,Validate IP Address    ,21.40%,Medium
469,凸多边形 ,27.80%,中等,469,Convex Polygon    ,35.50%,Medium
470,用 Rand7() 实现 Rand10() ,42.80%,中等,470,Implement Rand10() Using Rand7()    ,45.10%,Medium
471,编码最短长度的字符串 ,42.90%,困难,471,Encode String with Shortest Length    ,45.20%,Hard
472,连接词 ,38.60%,困难,472,Concatenated Words    ,35.10%,Hard
473,火柴拼正方形 ,32.00%,中等,473,Matchsticks to Square    ,36.00%,Medium
474,一和零 ,40.80%,中等,474,Ones and Zeroes    ,39.90%,Medium
475,供暖器 ,27.10%,简单,475,Heaters    ,31.90%,Easy
476,数字的补数 ,67.70%,简单,476,Number Complement    ,62.50%,Easy
477,汉明距离总和 ,41.40%,中等,477,Total Hamming Distance    ,49.00%,Medium
478,在圆内随机生成点 ,33.70%,中等,478,Generate Random Point in a Circle    ,36.90%,Medium
479,最大回文数乘积 ,28.70%,困难,479,Largest Palindrome Product    ,27.50%,Hard
480,滑动窗口中位数 ,30.00%,困难,480,Sliding Window Median    ,32.80%,Hard
481,神奇字符串 ,49.40%,中等,481,Magical String    ,46.30%,Medium
482,密钥格式化 ,37.90%,简单,482,License Key Formatting    ,41.10%,Easy
483,最小好进制 ,36.10%,困难,483,Smallest Good Base    ,34.20%,Hard
484,寻找排列 ,39.10%,中等,484,Find Permutation    ,57.80%,Medium
485,最大连续1的个数 ,53.60%,简单,485,Max Consecutive Ones    ,55.10%,Easy
486,预测赢家 ,44.30%,中等,486,Predict the Winner     ,46.80%,Medium
487,最大连续1的个数 II ,51.40%,中等,487,Max Consecutive Ones II    ,46.70%,Medium
488,祖玛游戏 ,42.10%,困难,488,Zuma Game    ,39.10%,Hard
489,扫地机器人 ,55.60%,困难,489,Robot Room Cleaner    ,64.70%,Hard
490,迷宫 ,39.10%,中等,490,The Maze    ,47.70%,Medium
491,递增子序列 ,42.70%,中等,491,Increasing Subsequences    ,42.20%,Medium
492,构造矩形 ,47.30%,简单,492,Construct the Rectangle    ,48.80%,Easy
493,翻转对 ,18.60%,困难,493,Reverse Pairs     ,23.30%,Hard
494,目标和 ,41.10%,中等,494,Target Sum     ,45.40%,Medium
495,提莫攻击 ,50.30%,中等,495,Teemo Attacking    ,52.30%,Medium
496,下一个更大元素 I ,59.70%,简单,496,Next Greater Element I    ,59.80%,Easy
497,非重叠矩形中的随机点 ,32.80%,中等,497,Random Point in Non-overlapping Rectangles    ,36.00%,Medium
498,对角线遍历 ,38.00%,中等,498,Diagonal Traverse    ,45.40%,Medium
499,迷宫 III ,48.00%,困难,499,The Maze III    ,37.40%,Hard
500,键盘行 ,66.60%,简单,500,Keyboard Row    ,62.40%,Easy
501,二叉搜索树中的众数 ,41.50%,简单,501,Find Mode in Binary Search Tree    ,39.60%,Easy
502,IPO ,35.00%,困难,502,IPO    ,38.00%,Hard
503,下一个更大元素 II ,47.80%,中等,503,Next Greater Element II    ,51.30%,Medium
504,七进制数 ,45.00%,简单,504,Base 7    ,45.00%,Easy
505,迷宫 II ,42.50%,中等,505,The Maze II    ,44.20%,Medium
506,相对名次 ,50.30%,简单,506,Relative Ranks    ,48.40%,Easy
507,完美数 ,35.10%,简单,507,Perfect Number    ,34.50%,Easy
508,出现次数最多的子树元素和 ,58.10%,中等,508,Most Frequent Subtree Sum    ,54.80%,Medium
509,斐波那契数 ,65.40%,简单,509,Fibonacci Number    ,66.70%,Easy
510,二叉搜索树中的中序后继 II ,55.60%,中等,510,Inorder Successor in BST II    ,53.40%,Medium
511,Game Play Analysis I ,41.20%,简单,511,Game Play Analysis I    ,74.70%,Easy
512,Game Play Analysis II ,70.00%,简单,512,Game Play Analysis II    ,56.50%,Easy
513,找树左下角的值 ,65.60%,中等,513,Find Bottom Left Tree Value    ,58.60%,Medium
514,自由之路 ,37.10%,困难,514,Freedom Trail    ,40.70%,Hard
515,在每个树行中找最大值 ,56.20%,中等,515,Find Largest Value in Each Tree Row    ,58.00%,Medium
516,最长回文子序列 ,46.40%,中等,516,Longest Palindromic Subsequence    ,47.10%,Medium
517,超级洗衣机 ,34.70%,困难,517,Super Washing Machines    ,37.00%,Hard
518,零钱兑换 II ,42.30%,中等,518,Coin Change 2    ,43.10%,Medium
519,随机翻转矩阵 ,30.50%,中等,519,Random Flip Matrix    ,33.00%,Medium
520,检测大写字母 ,53.00%,简单,520,Detect Capital    ,52.50%,Easy
521,最长特殊序列 Ⅰ ,62.60%,简单,521,Longest Uncommon Subsequence I     ,56.50%,Easy
522,最长特殊序列 II ,28.60%,中等,522,Longest Uncommon Subsequence II    ,32.90%,Medium
523,连续的子数组和 ,22.60%,中等,523,Continuous Subarray Sum    ,24.20%,Medium
524,通过删除字母匹配到字典里最长单词 ,43.30%,中等,524,Longest Word in Dictionary through Deleting    ,46.00%,Medium
525,连续数组 ,36.50%,中等,525,Contiguous Array    ,42.80%,Medium
526,优美的排列 ,54.30%,中等,526,Beautiful Arrangement    ,54.80%,Medium
527,单词缩写 ,70.60%,困难,527,Word Abbreviation    ,50.30%,Hard
528,按权重随机选择 ,37.60%,中等,528,Random Pick with Weight    ,42.80%,Medium
529,扫雷游戏 ,54.70%,中等,529,Minesweeper    ,53.20%,Medium
530,二叉搜索树的最小绝对差 ,53.80%,简单,530,Minimum Absolute Difference in BST    ,50.80%,Easy
531,孤独像素 I ,69.80%,中等,531,Lonely Pixel I    ,57.60%,Medium
532,数组中的K-diff数对 ,31.90%,简单,532,K-diff Pairs in an Array    ,30.00%,Easy
533,孤独像素 II ,34.60%,中等,533,Lonely Pixel II    ,46.20%,Medium
534,Game Play Analysis III ,23.50%,中等,534,Game Play Analysis III    ,64.50%,Medium
535,TinyURL 的加密与解密 ,78.70%,中等,535,Encode and Decode TinyURL    ,77.00%,Medium
536,从字符串生成二叉树 ,43.90%,中等,536,Construct Binary Tree from String    ,45.20%,Medium
537,复数乘法 ,64.30%,中等,537,Complex Number Multiplication    ,65.70%,Medium
538,把二叉搜索树转换为累加树 ,54.50%,简单,538,Convert BST to Greater Tree    ,51.30%,Easy
539,最小时间差 ,48.00%,中等,539,Minimum Time Difference    ,48.20%,Medium
540,有序数组中的单一元素 ,62.60%,中等,540,Single Element in a Sorted Array    ,57.50%,Medium
541,反转字符串 II ,47.10%,简单,541,Reverse String II    ,45.70%,Easy
542,01 矩阵 ,33.60%,中等,542,01 Matrix    ,36.00%,Medium
543,二叉树的直径 ,44.50%,简单,543,Diameter of Binary Tree     ,47.00%,Easy
544,输出比赛匹配对 ,76.20%,中等,544,Output Contest Matches    ,73.50%,Medium
545,二叉树的边界 ,26.50%,中等,545,Boundary of Binary Tree    ,35.30%,Medium
546,移除盒子 ,45.80%,困难,546,Remove Boxes    ,38.50%,Hard
547,朋友圈 ,50.90%,中等,547,Friend Circles    ,53.90%,Medium
548,将数组分割成和相等的子数组 ,33.00%,中等,548,Split Array with Equal Sum    ,43.50%,Medium
549,二叉树中最长的连续序列 ,40.80%,中等,549,Binary Tree Longest Consecutive Sequence II    ,44.50%,Medium
550,Game Play Analysis IV ,50.00%,中等,550,Game Play Analysis IV    ,42.20%,Medium
551,学生出勤记录 I ,48.00%,简单,551,Student Attendance Record I    ,45.40%,Easy
552,学生出勤记录 II ,32.90%,困难,552,Student Attendance Record II    ,33.30%,Hard
553,最优除法 ,51.70%,中等,553,Optimal Division    ,55.50%,Medium
554,砖墙 ,43.60%,中等,554,Brick Wall    ,47.80%,Medium
555,分割连接字符串 ,27.30%,中等,555,Split Concatenated Strings    ,40.00%,Medium
556,下一个更大元素 III ,25.40%,中等,556,Next Greater Element III    ,30.00%,Medium
557,反转字符串中的单词 III ,65.90%,简单,557,Reverse Words in a String III    ,64.40%,Easy
558,四叉树交集 ,43.60%,简单,558,Quad Tree Intersection    ,41.10%,Easy
559,N叉树的最大深度 ,66.40%,简单,559,Maximum Depth of N-ary Tree    ,65.60%,Easy
560,和为K的子数组 ,38.30%,中等,560,Subarray Sum Equals K     ,42.30%,Medium
561,数组拆分 I ,66.10%,简单,561,Array Partition I    ,69.30%,Easy
562,矩阵中最长的连续1线段 ,56.30%,中等,562,Longest Line of Consecutive One in Matrix    ,43.80%,Medium
563,二叉树的坡度 ,48.40%,简单,563,Binary Tree Tilt    ,47.10%,Easy
564,寻找最近的回文数 ,11.60%,困难,564,Find the Closest Palindrome    ,18.90%,Hard
565,数组嵌套 ,49.40%,中等,565,Array Nesting    ,52.90%,Medium
566,重塑矩阵 ,60.40%,简单,566,Reshape the Matrix    ,59.00%,Easy
567,字符串的排列 ,32.00%,中等,567,Permutation in String    ,38.60%,Medium
568,最大休假天数 ,60.00%,困难,568,Maximum Vacation Days    ,38.30%,Hard
569,员工薪水中位数 ,37.80%,困难,569,Median Employee Salary    ,47.70%,Hard
570,至少有5名直接下属的经理 ,50.00%,中等,570,Managers with at Least 5 Direct Reports    ,62.90%,Medium
571,给定数字的频率查询中位数 ,35.90%,困难,571,Find Median Given Frequency of Numbers    ,46.90%,Hard
572,另一个树的子树 ,40.60%,简单,572,Subtree of Another Tree     ,41.80%,Easy
573,松鼠模拟 ,42.10%,中等,573,Squirrel Simulation    ,53.80%,Medium
574,当选者 ,36.80%,中等,574,Winning Candidate    ,36.80%,Medium
575,分糖果 ,61.50%,简单,575,Distribute Candies    ,59.80%,Easy
576,出界的路径数 ,34.30%,中等,576,Out of Boundary Paths    ,32.30%,Medium
577,员工奖金 ,63.20%,简单,577,Employee Bonus    ,59.90%,Easy
578,查询回答率最高的问题 ,31.50%,中等,578,Get Highest Answer Rate Question    ,35.70%,Medium
579,查询员工的累计薪水 ,27.10%,困难,579,Find Cumulative Salary of an Employee    ,34.20%,Hard
580,统计各专业学生人数 ,50.00%,中等,580,Count Student Number in Departments    ,42.90%,Medium
581,最短无序连续子数组 ,32.90%,简单,581,Shortest Unsorted Continuous Subarray    ,30.20%,Easy
582,杀死进程 ,34.80%,中等,582,Kill Process    ,56.50%,Medium
583,两个字符串的删除操作 ,42.50%,中等,583,Delete Operation for Two Strings    ,45.10%,Medium
584,寻找用户推荐人 ,66.50%,简单,584,Find Customer Referee    ,67.90%,Easy
585,2016年的投资 ,45.30%,中等,585,Investments in 2016    ,47.80%,Medium
586,订单最多的客户 ,66.70%,简单,586,Customer Placing the Largest Number of Orders    ,67.00%,Easy
587,安装栅栏 ,31.40%,困难,587,Erect the Fence    ,34.40%,Hard
588,设计内存文件系统 ,60.00%,困难,588,Design In-Memory File System    ,40.00%,Hard
589,N叉树的前序遍历 ,68.20%,简单,589,N-ary Tree Preorder Traversal    ,67.80%,Easy
590,N叉树的后序遍历 ,68.40%,简单,590,N-ary Tree Postorder Traversal    ,67.80%,Easy
591,标签验证器 ,27.10%,困难,591,Tag Validator    ,32.90%,Hard
592,分数加减运算 ,46.40%,中等,592,Fraction Addition and Subtraction    ,47.20%,Medium
593,有效的正方形 ,39.00%,中等,593,Valid Square    ,40.60%,Medium
594,最长和谐子序列 ,41.40%,简单,594,Longest Harmonious Subsequence    ,44.10%,Easy
595,大的国家 ,73.30%,简单,595,Big Countries    ,74.00%,Easy
596,超过5名学生的课 ,36.40%,简单,596,Classes More Than 5 Students    ,35.80%,Easy
597,好友申请 I ：总体通过率 ,33.00%,简单,597,Friend Requests I: Overall Acceptance Rate    ,39.80%,Easy
598,范围求和 II ,48.80%,简单,598,Range Addition II    ,48.70%,Easy
599,两个列表的最小索引总和 ,46.40%,简单,599,Minimum Index Sum of Two Lists    ,48.20%,Easy
600,不含连续1的非负整数 ,26.30%,困难,600,Non-negative Integers without Consecutive Ones    ,32.80%,Hard
601,体育馆的人流量 ,40.60%,困难,601,Human Traffic of Stadium    ,36.80%,Hard
602,好友申请 II ：谁有最多的好友 ,54.10%,中等,602,Friend Requests II: Who Has the Most Friends    ,45.40%,Medium
603,连续空余座位 ,66.50%,简单,603,Consecutive Available Seats    ,58.60%,Easy
604,迭代压缩字符串 ,22.50%,简单,604,Design Compressed String Iterator    ,35.00%,Easy
605,种花问题 ,28.70%,简单,605,Can Place Flowers    ,31.00%,Easy
606,根据二叉树创建字符串 ,50.70%,简单,606,Construct String from Binary Tree    ,51.70%,Easy
607,销售员 ,49.50%,简单,607,Sales Person    ,57.30%,Easy
608,树节点 ,47.30%,中等,608,Tree Node    ,59.10%,Medium
609,在系统中查找重复文件 ,56.50%,中等,609,Find Duplicate File in System    ,55.50%,Medium
610,判断三角形 ,56.80%,简单,610,Triangle Judgement    ,61.60%,Easy
611,有效三角形的个数 ,45.20%,中等,611,Valid Triangle Number     ,45.40%,Medium
612,平面上的最近距离 ,61.30%,中等,612,Shortest Distance in a Plane    ,54.00%,Medium
613,直线上的最近距离 ,69.50%,简单,613,Shortest Distance in a Line    ,73.20%,Easy
614,二级关注者 ,22.30%,中等,614,Second Degree Follower    ,22.60%,Medium
615,平均工资：部门与公司比较 ,38.80%,困难,615,Average Salary: Departments VS Company    ,38.00%,Hard
616,给字符串添加加粗标签 ,62.20%,中等,616,Add Bold Tag in String    ,39.40%,Medium
617,合并二叉树 ,71.20%,简单,617,Merge Two Binary Trees    ,70.50%,Easy
618,学生地理信息报告 ,18.50%,困难,618,Students Report By Geography    ,43.20%,Hard
619,只出现一次的最大数字 ,39.10%,简单,619,Biggest Single Number    ,39.10%,Easy
620,有趣的电影 ,71.30%,简单,620,Not Boring Movies    ,62.50%,Easy
621,任务调度器 ,45.60%,中等,621,Task Scheduler    ,45.70%,Medium
622,设计循环队列 ,38.30%,中等,622,Design Circular Queue    ,39.70%,Medium
623,在二叉树中增加一行 ,47.70%,中等,623,Add One Row to Tree    ,47.40%,Medium
624,数组列表中的最大距离 ,35.20%,简单,624,Maximum Distance in Arrays    ,37.40%,Easy
625,最小因式分解 ,22.10%,中等,625,Minimum Factorization    ,32.00%,Medium
626,换座位 ,61.60%,中等,626,Exchange Seats    ,54.80%,Medium
627,交换工资 ,68.00%,简单,627,Swap Salary    ,69.20%,Easy
628,三个数的最大乘积 ,45.70%,简单,628,Maximum Product of Three Numbers    ,46.20%,Easy
629,K个逆序对数组 ,37.40%,困难,629,K Inverse Pairs Array    ,29.30%,Hard
630,课程表 III ,26.90%,困难,630,Course Schedule III    ,31.80%,Hard
631,设计 Excel 求和公式 ,16.00%,困难,631,Design Excel Sum Formula    ,29.40%,Hard
632,最小区间 ,41.00%,困难,632,Smallest Range    ,47.90%,Hard
633,平方数之和 ,30.90%,简单,633,Sum of Square Numbers    ,32.70%,Easy
634,寻找数组的错位排列 ,40.00%,中等,634,Find the Derangement of An Array    ,37.80%,Medium
635,设计日志存储系统 ,53.80%,中等,635,Design Log Storage System    ,54.40%,Medium
636,函数的独占时间 ,47.20%,中等,636,Exclusive Time of Functions    ,48.80%,Medium
637,二叉树的层平均值 ,59.50%,简单,637,Average of Levels in Binary Tree    ,59.00%,Easy
638,大礼包 ,53.90%,中等,638,Shopping Offers    ,48.90%,Medium
639,解码方法 2 ,23.80%,困难,639,Decode Ways II    ,25.30%,Hard
640,求解方程 ,37.70%,中等,640,Solve the Equation    ,40.40%,Medium
641,设计循环双端队列 ,45.00%,中等,641,Design Circular Deque    ,49.80%,Medium
642,设计搜索自动补全系统 ,36.40%,困难,642,Design Search Autocomplete System    ,38.20%,Hard
643,子数组最大平均数 I ,34.70%,简单,643,Maximum Average Subarray I    ,39.70%,Easy
644,最大平均子段和 II ,42.90%,困难,644,Maximum Average Subarray II    ,28.70%,Hard
645,错误的集合 ,37.10%,简单,645,Set Mismatch    ,40.80%,Easy
646,最长数对链 ,49.80%,中等,646,Maximum Length of Pair Chain    ,49.00%,Medium
647,回文子串 ,55.90%,中等,647,Palindromic Substrings    ,57.30%,Medium
648,单词替换 ,51.00%,中等,648,Replace Words    ,52.20%,Medium
649,Dota2 参议院 ,35.30%,中等,649,Dota2 Senate    ,37.80%,Medium
650,只有两个键的键盘 ,43.10%,中等,650,2 Keys Keyboard    ,46.80%,Medium
651,4键键盘 ,48.10%,中等,651,4 Keys Keyboard    ,50.80%,Medium
652,寻找重复的子树 ,49.10%,中等,652,Find Duplicate Subtrees    ,45.90%,Medium
653,两数之和 IV - 输入 BST ,51.60%,简单,653,Two Sum IV - Input is a BST    ,52.60%,Easy
654,最大二叉树 ,75.00%,中等,654,Maximum Binary Tree    ,76.40%,Medium
655,输出二叉树 ,48.60%,中等,655,Print Binary Tree    ,52.10%,Medium
656,金币路径 ,42.90%,困难,656,Coin Path    ,27.00%,Hard
657,机器人能否返回原点 ,70.80%,简单,657,Robot Return to Origin    ,71.70%,Easy
658,找到 K 个最接近的元素 ,37.40%,中等,658,Find K Closest Elements    ,38.20%,Medium
659,分割数组为连续子序列 ,40.30%,中等,659,Split Array into Consecutive Subsequences    ,40.80%,Medium
660,移除 9 ,63.60%,困难,660,Remove 9    ,51.60%,Hard
661,图片平滑器 ,48.30%,简单,661,Image Smoother    ,48.90%,Easy
662,二叉树最大宽度 ,32.90%,中等,662,Maximum Width of Binary Tree    ,39.60%,Medium
663,均匀树划分 ,39.10%,中等,663,Equal Tree Partition    ,38.10%,Medium
664,奇怪的打印机 ,32.10%,困难,664,Strange Printer    ,36.90%,Hard
665,非递减数列 ,20.10%,简单,665,Non-decreasing Array    ,19.50%,Easy
666,路径和 IV ,69.60%,中等,666,Path Sum IV    ,52.50%,Medium
667,优美的排列 II ,54.60%,中等,667,Beautiful Arrangement II    ,52.20%,Medium
668,乘法表中第k小的数 ,32.10%,困难,668,Kth Smallest Number in Multiplication Table    ,42.30%,Hard
669,修剪二叉搜索树 ,61.80%,简单,669,Trim a Binary Search Tree    ,60.50%,Easy
670,最大交换 ,35.60%,中等,670,Maximum Swap    ,39.80%,Medium
671,二叉树中第二小的节点 ,45.00%,简单,671,Second Minimum Node In a Binary Tree    ,43.40%,Easy
672,灯泡开关 Ⅱ ,47.70%,中等,672,Bulb Switcher II    ,50.10%,Medium
673,最长递增子序列的个数 ,29.60%,中等,673,Number of Longest Increasing Subsequence     ,33.70%,Medium
674,最长连续递增序列 ,41.10%,简单,674,Longest Continuous Increasing Subsequence    ,44.40%,Easy
675,为高尔夫比赛砍树 ,25.00%,困难,675,Cut Off Trees for Golf Event    ,30.80%,Hard
676,实现一个魔法字典 ,50.90%,中等,676,Implement Magic Dictionary    ,51.70%,Medium
677,键值映射 ,58.50%,中等,677,Map Sum Pairs    ,51.80%,Medium
678,有效的括号字符串 ,25.50%,中等,678,Valid Parenthesis String     ,32.90%,Medium
679,24 点游戏 ,38.30%,困难,679,24 Game    ,43.10%,Hard
680,验证回文字符串 Ⅱ ,31.40%,简单,680,Valid Palindrome II    ,34.40%,Easy
681,最近时刻 ,52.60%,中等,681,Next Closest Time    ,42.70%,Medium
682,棒球比赛 ,63.20%,简单,682,Baseball Game    ,61.20%,Easy
683,K 个空花盆 ,36.00%,困难,683,K Empty Slots    ,34.20%,Hard
684,冗余连接 ,49.70%,中等,684,Redundant Connection    ,52.20%,Medium
685,冗余连接 II ,29.60%,困难,685,Redundant Connection II    ,30.80%,Hard
686,重复叠加字符串匹配 ,31.10%,简单,686,Repeated String Match    ,31.50%,Easy
687,最长同值路径 ,35.20%,简单,687,Longest Univalue Path    ,33.90%,Easy
688,“马”在棋盘上的概率 ,41.30%,中等,688,Knight Probability in Chessboard    ,44.60%,Medium
689,三个无重叠子数组的最大和 ,39.60%,困难,689,Maximum Sum of 3 Non-Overlapping Subarrays    ,44.20%,Hard
690,员工的重要性 ,52.30%,简单,690,Employee Importance    ,54.40%,Easy
691,贴纸拼词 ,46.90%,困难,691,Stickers to Spell Word    ,38.50%,Hard
692,前K个高频单词 ,40.90%,中等,692,Top K Frequent Words    ,46.00%,Medium
693,交替位二进制数 ,59.40%,简单,693,Binary Number with Alternating Bits    ,58.00%,Easy
694,不同岛屿的数量 ,43.50%,中等,694,Number of Distinct Islands    ,51.50%,Medium
695,岛屿的最大面积 ,54.80%,中等,695,Max Area of Island    ,57.60%,Medium
696,计数二进制子串 ,46.50%,简单,696,Count Binary Substrings    ,53.60%,Easy
697,数组的度 ,47.30%,简单,697,Degree of an Array    ,50.60%,Easy
698,划分为k个相等的子集 ,38.70%,中等,698,Partition to K Equal Sum Subsets    ,42.50%,Medium
699,掉落的方块 ,34.90%,困难,699,Falling Squares    ,40.10%,Hard
700,二叉搜索树中的搜索 ,68.40%,简单,700,Search in a Binary Search Tree    ,68.60%,Easy
701,二叉搜索树中的插入操作 ,64.80%,中等,701,Insert into a Binary Search Tree    ,76.10%,Medium
702,搜索长度未知的有序数组 ,81.60%,中等,702,Search in a Sorted Array of Unknown Size    ,59.40%,Medium
703,数据流中的第K大元素 ,38.60%,简单,703,Kth Largest Element in a Stream    ,46.60%,Easy
704,二分查找 ,49.40%,简单,704,Binary Search    ,48.00%,Easy
705,设计哈希集合 ,54.80%,简单,705,Design HashSet    ,53.90%,Easy
706,设计哈希映射 ,55.20%,简单,706,Design HashMap    ,56.40%,Easy
707,设计链表 ,23.60%,简单,707,Design Linked List    ,21.60%,Easy
708,循环有序列表的插入 ,24.10%,中等,708,Insert into a Cyclic Sorted List    ,29.20%,Medium
709,转换成小写字母 ,73.60%,简单,709,To Lower Case    ,77.00%,Easy
710,黑名单中的随机数 ,25.60%,困难,710,Random Pick with Blacklist    ,31.20%,Hard
711,不同岛屿的数量 II ,22.20%,困难,711,Number of Distinct Islands II    ,46.20%,Hard
712,两个字符串的最小ASCII删除和 ,55.60%,中等,712,Minimum ASCII Delete Sum for Two Strings    ,54.80%,Medium
713,乘积小于K的子数组 ,29.90%,中等,713,Subarray Product Less Than K    ,36.90%,Medium
714,买卖股票的最佳时机含手续费 ,50.50%,中等,714,Best Time to Buy and Sell Stock with Transaction Fee    ,50.60%,Medium
715,Range 模块 ,30.10%,困难,715,Range Module    ,35.70%,Hard
716,最大栈 ,25.90%,简单,716,Max Stack    ,40.20%,Easy
717,1比特与2比特字符 ,43.30%,简单,717,1-bit and 2-bit Characters    ,49.20%,Easy
718,最长重复子数组 ,44.50%,中等,718,Maximum Length of Repeated Subarray    ,46.30%,Medium
719,找出第 k 小的距离对 ,28.60%,困难,719,Find K-th Smallest Pair Distance    ,29.30%,Hard
720,词典中最长的单词 ,43.00%,简单,720,Longest Word in Dictionary    ,45.00%,Easy
721,账户合并 ,28.50%,中等,721,Accounts Merge    ,40.80%,Medium
722,删除注释 ,24.20%,中等,722,Remove Comments    ,31.40%,Medium
723,粉碎糖果 ,70.00%,中等,723,Candy Crush    ,63.50%,Medium
724,寻找数组的中心索引 ,35.10%,简单,724,Find Pivot Index    ,41.30%,Easy
725,分隔链表 ,49.50%,中等,725,Split Linked List in Parts    ,49.20%,Medium
726,原子的数量 ,40.70%,困难,726,Number of Atoms    ,44.90%,Hard
727,最小窗口子序列 ,53.70%,困难,727,Minimum Window Subsequence    ,37.50%,Hard
728,自除数 ,68.60%,简单,728,Self Dividing Numbers    ,70.60%,Easy
729,我的日程安排表 I ,42.50%,中等,729,My Calendar I    ,47.70%,Medium
730,统计不同回文子字符串 ,39.10%,困难,730,Count Different Palindromic Subsequences    ,39.20%,Hard
731,我的日程安排表 II ,40.90%,中等,731,My Calendar II    ,44.80%,Medium
732,我的日程安排表 III ,48.00%,困难,732,My Calendar III    ,55.30%,Hard
733,图像渲染 ,50.70%,简单,733,Flood Fill    ,51.10%,Easy
734,句子相似性 ,60.70%,简单,734,Sentence Similarity    ,40.80%,Easy
735,行星碰撞 ,31.60%,中等,735,Asteroid Collision    ,38.60%,Medium
736,Lisp 语法解析 ,41.50%,困难,736,Parse Lisp Expression    ,44.30%,Hard
737,句子相似性 II ,47.10%,中等,737,Sentence Similarity II    ,43.60%,Medium
738,单调递增的数字 ,38.10%,中等,738,Monotone Increasing Digits    ,42.00%,Medium
739,每日温度 ,58.10%,中等,739,Daily Temperatures    ,60.10%,Medium
740,删除与获得点数 ,48.40%,中等,740,Delete and Earn    ,46.00%,Medium
741,摘樱桃 ,26.20%,困难,741,Cherry Pickup    ,30.10%,Hard
742,二叉树最近的叶节点 ,35.00%,中等,742,Closest Leaf in a Binary Tree    ,39.40%,Medium
743,网络延迟时间 ,43.50%,中等,743,Network Delay Time    ,42.50%,Medium
744,寻找比目标字母大的最小字母 ,42.40%,简单,744,Find Smallest Letter Greater Than Target    ,44.10%,Easy
745,前缀和后缀搜索 ,25.10%,困难,745,Prefix and Suffix Search    ,30.90%,Hard
746,使用最小花费爬楼梯 ,42.60%,简单,746,Min Cost Climbing Stairs    ,47.50%,Easy
747,至少是其他数字两倍的最大数 ,38.90%,简单,747,Largest Number At Least Twice of Others    ,40.70%,Easy
748,最短完整词 ,54.00%,简单,748,Shortest Completing Word    ,54.50%,Easy
749,隔离病毒 ,52.10%,困难,749,Contain Virus    ,41.40%,Hard
750,角矩形的数量 ,78.90%,中等,750,Number Of Corner Rectangles    ,64.80%,Medium
751,IP 到 CIDR ,71.40%,简单,751,IP to CIDR    ,59.80%,Easy
752,打开转盘锁 ,48.00%,中等,752,Open the Lock    ,46.40%,Medium
753,破解保险箱 ,48.40%,困难,753,Cracking the Safe    ,46.60%,Hard
754,到达终点数字 ,37.80%,简单,754,Reach a Number    ,32.80%,Easy
755,倒水 ,29.40%,中等,755,Pour Water    ,40.80%,Medium
756,金字塔转换矩阵 ,50.30%,中等,756,Pyramid Transition Matrix    ,51.80%,Medium
757,设置交集大小至少为2 ,29.30%,困难,757,Set Intersection Size At Least Two    ,37.00%,Hard
758,字符串中的加粗单词 ,50.00%,简单,758,Bold Words in String    ,42.70%,Easy
759,员工空闲时间 ,63.60%,困难,759,Employee Free Time    ,61.60%,Hard
760,找出变位映射 ,65.00%,简单,760,Find Anagram Mappings    ,79.40%,Easy
761,特殊的二进制序列 ,51.10%,困难,761,Special Binary String    ,52.00%,Hard
762,二进制表示中质数个计算置位 ,62.10%,简单,762,Prime Number of Set Bits in Binary Representation    ,59.60%,Easy
763,划分字母区间 ,65.70%,中等,763,Partition Labels    ,70.80%,Medium
764,最大加号标志 ,47.40%,中等,764,Largest Plus Sign    ,43.50%,Medium
765,情侣牵手 ,51.80%,困难,765,Couples Holding Hands    ,51.70%,Hard
766,托普利茨矩阵 ,59.90%,简单,766,Toeplitz Matrix    ,61.90%,Easy
767,重构字符串 ,34.00%,中等,767,Reorganize String    ,42.70%,Medium
768,最多能完成排序的块 II ,40.10%,困难,768,Max Chunks To Make Sorted II    ,46.10%,Hard
769,最多能完成排序的块 ,46.70%,中等,769,Max Chunks To Make Sorted    ,51.90%,Medium
770,基本计算器 IV ,42.70%,困难,770,Basic Calculator IV    ,45.70%,Hard
771,宝石与石头 ,79.90%,简单,771,Jewels and Stones    ,83.20%,Easy
772,基本计算器 III ,21.60%,困难,772,Basic Calculator III    ,43.40%,Hard
773,滑动谜题 ,56.20%,困难,773,Sliding Puzzle    ,52.90%,Hard
774,最小化去加油站的最大距离 ,66.70%,困难,774,Minimize Max Distance to Gas Station    ,42.00%,Hard
775,全局倒置与局部倒置 ,40.80%,中等,775,Global and Local Inversions    ,39.10%,Medium
776,拆分二叉搜索树 ,22.70%,中等,776,Split BST    ,52.70%,Medium
777,在LR字符串中交换相邻字符 ,28.20%,中等,777,Swap Adjacent in LR String    ,33.40%,Medium
778,水位上升的泳池中游泳 ,43.10%,困难,778,Swim in Rising Water    ,47.90%,Hard
779,第K个语法符号 ,37.00%,中等,779,K-th Symbol in Grammar    ,37.50%,Medium
780,到达终点 ,25.70%,困难,780,Reaching Points    ,27.60%,Hard
781,森林中的兔子 ,51.50%,中等,781,Rabbits in Forest    ,51.90%,Medium
782,变为棋盘 ,42.80%,困难,782,Transform to Chessboard    ,39.80%,Hard
783,二叉搜索树结点最小距离 ,52.00%,简单,783,Minimum Distance Between BST Nodes    ,50.60%,Easy
784,字母大小写全排列 ,56.20%,简单,784,Letter Case Permutation    ,57.40%,Easy
785,判断二分图 ,37.20%,中等,785,Is Graph Bipartite?    ,43.50%,Medium
786,第 K 个最小的素数分数 ,29.10%,困难,786,K-th Smallest Prime Fraction    ,39.90%,Hard
787,K 站中转内最便宜的航班 ,33.50%,中等,787,Cheapest Flights Within K Stops    ,35.30%,Medium
788,旋转数字 ,55.80%,简单,788,Rotated Digits    ,54.50%,Easy
789,逃脱阻碍者 ,58.10%,中等,789,Escape The Ghosts    ,55.40%,Medium
790,多米诺和托米诺平铺 ,33.80%,中等,790,Domino and Tromino Tiling    ,36.00%,Medium
791,自定义字符串排序 ,61.20%,中等,791,Custom Sort String    ,62.30%,Medium
792,匹配子序列的单词数 ,37.10%,中等,792,Number of Matching Subsequences    ,43.40%,Medium
793,阶乘函数后K个零 ,29.30%,困难,793,Preimage Size of Factorial Zeroes Function    ,39.10%,Hard
794,有效的井字游戏 ,27.30%,中等,794,Valid Tic-Tac-Toe State    ,29.80%,Medium
795,区间子数组个数 ,43.70%,中等,795,Number of Subarrays with Bounded Maximum    ,43.40%,Medium
796,旋转字符串 ,47.30%,简单,796,Rotate String    ,49.10%,Easy
797,所有可能的路径 ,69.30%,中等,797,All Paths From Source to Target    ,70.70%,Medium
798,得分最高的最小轮调 ,29.70%,困难,798,Smallest Rotation with Highest Score    ,40.40%,Hard
799,香槟塔 ,30.80%,中等,799,Champagne Tower    ,34.20%,Medium
800,相似 RGB 颜色 ,47.10%,简单,800,Similar RGB Color    ,59.80%,Easy
801,使序列递增的最小交换次数 ,32.80%,中等,801,Minimum Swaps To Make Sequences Increasing    ,34.90%,Medium
802,找到最终的安全状态 ,37.50%,中等,802,Find Eventual Safe States    ,44.10%,Medium
803,打砖块 ,19.20%,困难,803,Bricks Falling When Hit    ,28.90%,Hard
804,唯一摩尔斯密码词 ,72.00%,简单,804,Unique Morse Code Words    ,74.90%,Easy
805,数组的均值分割 ,21.50%,困难,805,Split Array With Same Average    ,24.50%,Hard
806,写字符串需要的行数 ,61.40%,简单,806,Number of Lines To Write String    ,63.20%,Easy
807,保持城市天际线 ,76.60%,中等,807,Max Increase to Keep City Skyline    ,81.60%,Medium
808,分汤 ,36.90%,中等,808,Soup Servings    ,37.50%,Medium
809,情感丰富的文字 ,34.10%,中等,809,Expressive Words    ,43.70%,Medium
810,黑板异或游戏 ,47.40%,困难,810,Chalkboard XOR Game    ,44.90%,Hard
811,子域名访问计数 ,62.70%,简单,811,Subdomain Visit Count    ,65.60%,Easy
812,最大三角形面积 ,57.20%,简单,812,Largest Triangle Area    ,56.30%,Easy
813,最大平均值和的分组 ,41.20%,中等,813,Largest Sum of Averages    ,45.50%,Medium
814,二叉树剪枝 ,69.60%,中等,814,Binary Tree Pruning    ,71.20%,Medium
815,公交路线 ,33.20%,困难,815,Bus Routes    ,40.30%,Hard
816,模糊坐标 ,43.60%,中等,816,Ambiguous Coordinates    ,44.20%,Medium
817,链表组件 ,51.90%,中等,817,Linked List Components    ,54.70%,Medium
818,赛车 ,24.50%,困难,818,Race Car    ,35.20%,Hard
819,最常见的单词 ,34.90%,简单,819,Most Common Word    ,42.30%,Easy
820,单词的压缩编码 ,44.00%,中等,820,Short Encoding of Words    ,47.40%,Medium
821,字符的最短距离 ,63.70%,简单,821,Shortest Distance to a Character    ,63.70%,Easy
822,翻转卡片游戏 ,41.90%,中等,822,Card Flipping Game    ,40.50%,Medium
823,带因子的二叉树 ,37.70%,中等,823,Binary Trees With Factors    ,32.60%,Medium
824,山羊拉丁文 ,55.60%,简单,824,Goat Latin    ,57.90%,Easy
825,适龄的朋友 ,29.30%,中等,825,Friends Of Appropriate Ages    ,36.50%,Medium
826,安排工作以达到最大收益 ,32.40%,中等,826,Most Profit Assigning Work    ,35.80%,Medium
827,最大人工岛 ,33.10%,困难,827,Making A Large Island    ,43.40%,Hard
828,独特字符串 ,31.60%,困难,828,Unique Letter String    ,39.80%,Hard
829,连续整数求和 ,25.90%,困难,829,Consecutive Numbers Sum    ,33.50%,Hard
830,较大分组的位置 ,42.30%,简单,830,Positions of Large Groups    ,47.90%,Easy
831,隐藏个人信息 ,32.90%,中等,831,Masking Personal Information    ,42.20%,Medium
832,翻转图像 ,71.80%,简单,832,Flipping an Image    ,72.80%,Easy
833,字符串中的查找与替换 ,29.60%,中等,833,Find And Replace in String    ,46.60%,Medium
834,树中距离之和 ,25.90%,困难,834,Sum of Distances in Tree    ,39.70%,Hard
835,图像重叠 ,54.80%,中等,835,Image Overlap    ,52.90%,Medium
836,矩形重叠 ,40.80%,简单,836,Rectangle Overlap    ,46.60%,Easy
837,新21点 ,22.30%,中等,837,New 21 Game    ,31.80%,Medium
838,推多米诺 ,37.00%,中等,838,Push Dominoes    ,44.00%,Medium
839,相似字符串组 ,22.90%,困难,839,Similar String Groups    ,34.70%,Hard
840,矩阵中的幻方 ,31.60%,简单,840,Magic Squares In Grid    ,35.60%,Easy
841,钥匙和房间 ,55.60%,中等,841,Keys and Rooms    ,60.50%,Medium
842,将数组拆分成斐波那契序列 ,29.60%,中等,842,Split Array into Fibonacci Sequence    ,34.90%,Medium
843,猜猜这个单词 ,27.30%,困难,843,Guess the Word    ,43.60%,Hard
844,比较含退格的字符串 ,47.10%,简单,844,Backspace String Compare    ,46.10%,Easy
845,数组中的最长山脉 ,28.60%,中等,845,Longest Mountain in Array    ,34.40%,Medium
846,一手顺子 ,42.40%,中等,846,Hand of Straights    ,49.50%,Medium
847,访问所有节点的最短路径 ,42.20%,困难,847,Shortest Path Visiting All Nodes    ,47.20%,Hard
848,字母移位 ,33.00%,中等,848,Shifting Letters    ,41.00%,Medium
849,到最近的人的最大距离 ,36.00%,简单,849,Maximize Distance to Closest Person    ,41.00%,Easy
850,矩形面积 II ,36.20%,困难,850,Rectangle Area II    ,45.00%,Hard
851,喧闹和富有 ,37.00%,中等,851,Loud and Rich    ,47.90%,Medium
852,山脉数组的峰顶索引 ,68.10%,简单,852,Peak Index in a Mountain Array    ,69.70%,Easy
853,车队 ,31.00%,中等,853,Car Fleet    ,40.00%,Medium
854,相似度为 K 的字符串 ,20.30%,困难,854,K-Similar Strings    ,33.90%,Hard
855,考场就座 ,26.50%,中等,855,Exam Room    ,38.60%,Medium
856,括号的分数 ,52.60%,中等,856,Score of Parentheses    ,56.50%,Medium
857,雇佣 K 名工人的最低成本 ,35.40%,困难,857,Minimum Cost to Hire K Workers    ,47.60%,Hard
858,镜面反射 ,47.80%,中等,858,Mirror Reflection    ,52.00%,Medium
859,亲密字符串 ,25.80%,简单,859,Buddy Strings    ,27.60%,Easy
860,柠檬水找零 ,50.60%,简单,860,Lemonade Change    ,50.60%,Easy
861,翻转矩阵后的得分 ,69.90%,中等,861,Score After Flipping Matrix    ,69.80%,Medium
862,和至少为 K 的最短子数组 ,10.20%,困难,862,Shortest Subarray with Sum at Least K    ,22.30%,Hard
863,二叉树中所有距离为 K 的结点 ,40.50%,中等,863,All Nodes Distance K in Binary Tree    ,47.90%,Medium
864,获取所有钥匙的最短路径 ,36.70%,困难,864,Shortest Path to Get All Keys    ,36.20%,Hard
865,具有所有最深结点的最小子树 ,40.40%,中等,865,Smallest Subtree with all the Deepest Nodes    ,56.00%,Medium
866,回文素数 ,16.30%,中等,866,Prime Palindrome    ,20.30%,Medium
867,转置矩阵 ,64.30%,简单,867,Transpose Matrix    ,63.90%,Easy
868,二进制间距 ,58.00%,简单,868,Binary Gap    ,59.50%,Easy
869,重新排序得到 2 的幂 ,42.40%,中等,869,Reordered Power of 2    ,51.10%,Medium
870,优势洗牌 ,33.30%,中等,870,Advantage Shuffle    ,42.70%,Medium
871,最低加油次数 ,25.80%,困难,871,Minimum Number of Refueling Stops    ,29.10%,Hard
872,叶子相似的树 ,59.00%,简单,872,Leaf-Similar Trees    ,63.40%,Easy
873,最长的斐波那契子序列的长度 ,42.10%,中等,873,Length of Longest Fibonacci Subsequence    ,46.40%,Medium
874,模拟行走机器人 ,29.20%,简单,874,Walking Robot Simulation    ,32.30%,Easy
875,爱吃香蕉的珂珂 ,36.30%,中等,875,Koko Eating Bananas    ,46.20%,Medium
876,链表的中间结点 ,61.00%,简单,876,Middle of the Linked List    ,64.40%,Easy
877,石子游戏 ,64.00%,中等,877,Stone Game    ,61.50%,Medium
878,第 N 个神奇数字 ,17.30%,困难,878,Nth Magical Number    ,25.60%,Hard
879,盈利计划 ,23.40%,困难,879,Profitable Schemes    ,36.80%,Hard
880,索引处的解码字符串 ,19.00%,中等,880,Decoded String at Index    ,23.10%,Medium
881,救生艇 ,35.90%,中等,881,Boats to Save People    ,44.00%,Medium
882,细分图中的可到达结点 ,29.50%,困难,882,Reachable Nodes In Subdivided Graph    ,38.30%,Hard
883,三维形体投影面积 ,60.80%,简单,883,Projection Area of 3D Shapes    ,65.80%,Easy
884,两句话中的不常见单词 ,56.70%,简单,884,Uncommon Words from Two Sentences    ,60.90%,Easy
885,螺旋矩阵 III ,56.60%,中等,885,Spiral Matrix III    ,64.50%,Medium
886,可能的二分法 ,31.70%,中等,886,Possible Bipartition    ,40.80%,Medium
887,鸡蛋掉落 ,18.80%,困难,887,Super Egg Drop    ,24.80%,Hard
888,公平的糖果交换 ,48.40%,简单,888,Fair Candy Swap    ,56.90%,Easy
889,根据前序和后序遍历构造二叉树 ,56.20%,中等,889,Construct Binary Tree from Preorder and Postorder Traversal    ,60.40%,Medium
890,查找和替换模式 ,66.70%,中等,890,Find and Replace Pattern    ,71.30%,Medium
891,子序列宽度之和 ,21.80%,困难,891,Sum of Subsequence Widths    ,29.10%,Hard
892,三维形体的表面积 ,51.50%,简单,892,Surface Area of 3D Shapes    ,56.10%,Easy
893,特殊等价字符串组 ,61.00%,简单,893,Groups of Special-Equivalent Strings    ,62.80%,Easy
894,所有可能的满二叉树 ,70.20%,中等,894,All Possible Full Binary Trees    ,71.00%,Medium
895,最大频率栈 ,38.30%,困难,895,Maximum Frequency Stack    ,56.50%,Hard
896,单调数列 ,47.80%,简单,896,Monotonic Array    ,55.40%,Easy
897,递增顺序查找树 ,58.20%,简单,897,Increasing Order Search Tree    ,64.90%,Easy
898,子数组按位或操作 ,23.20%,中等,898,Bitwise ORs of Subarrays    ,34.40%,Medium
899,有序队列 ,41.80%,困难,899,Orderly Queue    ,47.50%,Hard
900,RLE 迭代器 ,36.10%,中等,900,RLE Iterator    ,50.30%,Medium
901,股票价格跨度 ,32.00%,中等,901,Online Stock Span    ,49.40%,Medium
902,最大为 N 的数字组合 ,22.60%,困难,902,Numbers At Most N Given Digit Set    ,28.70%,Hard
903,DI 序列的有效排列 ,44.20%,困难,903,Valid Permutations for DI Sequence    ,44.80%,Hard
904,水果成篮 ,30.90%,中等,904,Fruit Into Baskets    ,41.60%,Medium
905,按奇偶排序数组 ,67.20%,简单,905,Sort Array By Parity    ,72.60%,Easy
906,超级回文数 ,16.80%,困难,906,Super Palindromes    ,30.40%,Hard
907,子数组的最小值之和 ,23.40%,中等,907,Sum of Subarray Minimums    ,27.60%,Medium
908,最小差值 I ,65.70%,简单,908,Smallest Range I    ,64.60%,Easy
909,蛇梯棋 ,23.90%,中等,909,Snakes and Ladders    ,33.80%,Medium
910,最小差值 II ,20.50%,中等,910,Smallest Range II    ,23.70%,Medium
911,在线选举 ,30.50%,中等,911,Online Election    ,47.10%,Medium
912,排序数组 ,52.90%,中等,912,Sort an Array    ,63.60%,Medium
913,猫和老鼠 ,21.60%,困难,913,Cat and Mouse    ,28.80%,Hard
914,卡牌分组 ,30.80%,简单,914,X of a Kind in a Deck of Cards    ,34.10%,Easy
915,分割数组 ,39.20%,中等,915,Partition Array into Disjoint Intervals    ,43.50%,Medium
916,单词子集 ,35.10%,中等,916,Word Subsets    ,45.30%,Medium
917,仅仅反转字母 ,48.30%,简单,917,Reverse Only Letters    ,56.00%,Easy
918,环形子数组的最大和 ,25.50%,中等,918,Maximum Sum Circular Subarray    ,32.00%,Medium
919,完全二叉树插入器 ,44.20%,中等,919,Complete Binary Tree Inserter    ,55.20%,Medium
920,播放列表的数量 ,34.80%,困难,920,Number of Music Playlists    ,43.90%,Hard
921,使括号有效的最少添加 ,65.50%,中等,921,Minimum Add to Make Parentheses Valid    ,70.30%,Medium
922,按奇偶排序数组 II ,63.90%,简单,922,Sort Array By Parity II    ,67.10%,Easy
923,三数之和的多种可能 ,28.00%,中等,923,3Sum With Multiplicity    ,33.90%,Medium
924,尽量减少恶意软件的传播 ,39.00%,困难,924,Minimize Malware Spread    ,40.10%,Hard
925,长按键入 ,42.10%,简单,925,Long Pressed Name    ,44.50%,Easy
926,将字符串翻转到单调递增 ,39.50%,中等,926,Flip String to Monotone Increasing    ,49.80%,Medium
927,三等分 ,27.50%,困难,927,Three Equal Parts    ,30.40%,Hard
928,尽量减少恶意软件的传播 II ,43.70%,困难,928,Minimize Malware Spread II    ,39.50%,Hard
929,独特的电子邮件地址 ,66.10%,简单,929,Unique Email Addresses    ,70.40%,Easy
930,和相同的二元子数组 ,30.00%,中等,930,Binary Subarrays With Sum    ,38.30%,Medium
931,下降路径最小和 ,54.80%,中等,931,Minimum Falling Path Sum    ,59.00%,Medium
932,漂亮数组 ,50.20%,中等,932,Beautiful Array    ,53.60%,Medium
933,最近的请求次数 ,66.50%,简单,933,Number of Recent Calls    ,69.40%,Easy
934,最短的桥 ,41.30%,中等,934,Shortest Bridge    ,44.20%,Medium
935,骑士拨号器 ,32.70%,中等,935,Knight Dialer    ,41.10%,Medium
936,戳印序列 ,28.30%,困难,936,Stamping The Sequence    ,36.30%,Hard
937,重新排列日志文件 ,50.00%,简单,937,Reorder Log Files    ,56.90%,Easy
938,二叉搜索树的范围和 ,75.00%,简单,938,Range Sum of BST    ,78.80%,Easy
939,最小面积矩形 ,37.90%,中等,939,Minimum Area Rectangle    ,50.50%,Medium
940,不同的子序列 II ,38.90%,困难,940,Distinct Subsequences II    ,39.80%,Hard
941,有效的山脉数组 ,33.60%,简单,941,Valid Mountain Array    ,35.40%,Easy
942,增减字符串匹配 ,68.90%,简单,942,DI String Match    ,70.00%,Easy
943,最短超级串 ,29.20%,困难,943,Find the Shortest Superstring    ,38.30%,Hard
944,删列造序 ,66.20%,简单,944,Delete Columns to Make Sorted    ,69.40%,Easy
945,使数组唯一的最小增量 ,39.70%,中等,945,Minimum Increment to Make Array Unique    ,42.90%,Medium
946,验证栈序列 ,50.60%,中等,946,Validate Stack Sequences    ,57.60%,Medium
947,移除最多的同行或同列石头 ,43.10%,中等,947,Most Stones Removed with Same Row or Column    ,54.20%,Medium
948,令牌放置 ,31.50%,中等,948,Bag of Tokens    ,39.30%,Medium
949,给定数字能组成的最大时间 ,30.50%,简单,949,Largest Time for Given Digits    ,34.20%,Easy
950,按递增顺序显示卡牌 ,75.40%,中等,950,Reveal Cards In Increasing Order    ,72.20%,Medium
951,翻转等价二叉树 ,56.20%,中等,951,Flip Equivalent Binary Trees    ,65.20%,Medium
952,按公因数计算最大组件大小 ,23.80%,困难,952,Largest Component Size by Common Factor    ,26.60%,Hard
953,验证外星语词典 ,54.80%,简单,953,Verifying an Alien Dictionary    ,55.60%,Easy
954,二倍数对数组 ,24.40%,中等,954,Array of Doubled Pairs    ,34.40%,Medium
955,删列造序 II ,25.40%,中等,955,Delete Columns to Make Sorted II    ,31.60%,Medium
956,最高的广告牌 ,32.70%,困难,956,Tallest Billboard    ,38.40%,Hard
957,N 天后的牢房 ,30.50%,中等,957,Prison Cells After N Days    ,38.20%,Medium
958,二叉树的完全性检验 ,42.70%,中等,958,Check Completeness of a Binary Tree    ,47.60%,Medium
959,由斜杠划分区域 ,60.20%,中等,959,Regions Cut By Slashes    ,62.50%,Medium
960,删列造序 III ,45.70%,困难,960,Delete Columns to Make Sorted III    ,52.70%,Hard
961,重复 N 次的元素 ,66.10%,简单,961,N-Repeated Element in Size 2N Array    ,72.40%,Easy
962,最大宽度坡 ,31.60%,中等,962,Maximum Width Ramp    ,41.80%,Medium
963,最小面积矩形 II ,50.40%,中等,963,Minimum Area Rectangle II    ,44.60%,Medium
964,表示数字的最少运算符 ,31.00%,困难,964,Least Operators to Express Number    ,40.90%,Hard
965,单值二叉树 ,64.90%,简单,965,Univalued Binary Tree    ,67.00%,Easy
966,元音拼写检查器 ,36.50%,中等,966,Vowel Spellchecker    ,41.90%,Medium
967,连续差相同的数字 ,32.00%,中等,967,Numbers With Same Consecutive Differences    ,37.20%,Medium
968,监控二叉树 ,33.10%,困难,968,Binary Tree Cameras    ,35.40%,Hard
969,煎饼排序 ,59.00%,中等,969,Pancake Sorting    ,62.40%,Medium
970,强整数 ,37.20%,简单,970,Powerful Integers    ,39.30%,Easy
971,翻转二叉树以匹配先序遍历 ,39.10%,中等,971,Flip Binary Tree To Match Preorder Traversal    ,43.00%,Medium
972,相等的有理数 ,39.70%,困难,972,Equal Rational Numbers    ,40.20%,Hard
973,最接近原点的 K 个点 ,58.70%,中等,973,K Closest Points to Origin    ,62.10%,Medium
974,和可被 K 整除的子数组 ,32.80%,中等,974,Subarray Sums Divisible by K    ,45.20%,Medium
975,奇偶跳 ,40.00%,困难,975,Odd Even Jump    ,47.10%,Hard
976,三角形的最大周长 ,55.70%,简单,976,Largest Perimeter Triangle    ,57.20%,Easy
977,有序数组的平方 ,70.50%,简单,977,Squares of a Sorted Array    ,72.00%,Easy
978,最长湍流子数组 ,36.70%,中等,978,Longest Turbulent Subarray    ,45.60%,Medium
979,在二叉树中分配硬币 ,64.20%,中等,979,Distribute Coins in Binary Tree    ,67.20%,Medium
980,不同路径 III ,68.30%,困难,980,Unique Paths III    ,71.20%,Hard
981,基于时间的键值存储 ,29.80%,中等,981,Time Based Key-Value Store    ,50.80%,Medium
982,按位与为零的三元组 ,41.10%,困难,982,Triples with Bitwise AND Equal To Zero    ,54.00%,Hard
983,最低票价 ,50.00%,中等,983,Minimum Cost For Tickets    ,57.30%,Medium
984,不含 AAA 或 BBB 的字符串 ,31.70%,中等,984,String Without AAA or BBB    ,33.90%,Medium
985,查询后的偶数和 ,58.90%,简单,985,Sum of Even Numbers After Queries    ,63.40%,Easy
986,区间列表的交集 ,57.40%,中等,986,Interval List Intersections    ,63.40%,Medium
987,二叉树的垂序遍历 ,33.40%,中等,987,Vertical Order Traversal of a Binary Tree    ,31.80%,Medium
988,从叶结点开始的最小字符串 ,39.20%,中等,988,Smallest String Starting From Leaf    ,46.00%,Medium
989,数组形式的整数加法 ,41.90%,简单,989,Add to Array-Form of Integer    ,44.70%,Easy
990,等式方程的可满足性 ,33.80%,中等,990,Satisfiability of Equality Equations    ,40.10%,Medium
991,坏了的计算器 ,49.40%,中等,991,Broken Calculator    ,40.40%,Medium
992,K 个不同整数的子数组 ,26.70%,困难,992,Subarrays with K Different Integers    ,45.30%,Hard
993,二叉树的堂兄弟节点 ,46.80%,简单,993,Cousins in Binary Tree    ,52.40%,Easy
994,腐烂的橘子 ,45.20%,简单,994,Rotting Oranges    ,46.50%,Easy
995,K 连续位的最小翻转次数 ,37.50%,困难,995,Minimum Number of K Consecutive Bit Flips    ,48.40%,Hard
996,正方形数组的数目 ,39.00%,困难,996,Number of Squareful Arrays    ,47.70%,Hard
997,找到小镇的法官 ,45.70%,简单,997,Find the Town Judge    ,49.20%,Easy
998,最大二叉树 II ,54.10%,中等,998,Maximum Binary Tree II    ,61.70%,Medium
999,车的可用捕获量 ,64.10%,简单,999,Available Captures for Rook    ,66.10%,Easy
1000,合并石头的最低成本 ,21.30%,困难,1000,Minimum Cost to Merge Stones    ,32.10%,Hard
1001,网格照明 ,25.70%,困难,1001,Grid Illumination    ,34.50%,Hard
1002,查找常用字符 ,63.60%,简单,1002,Find Common Characters    ,65.80%,Easy
1003,检查替换后的词是否有效 ,51.70%,中等,1003,Check If Word Is Valid After Substitutions    ,51.80%,Medium
1004,最大连续1的个数 III ,42.50%,中等,1004,Max Consecutive Ones III    ,53.40%,Medium
1005,K 次取反后最大化的数组和 ,46.20%,简单,1005,Maximize Sum Of Array After K Negations    ,49.60%,Easy
1006,笨阶乘 ,47.40%,中等,1006,Clumsy Factorial    ,53.80%,Medium
1007,行相等的最少多米诺旋转 ,37.20%,中等,1007,Minimum Domino Rotations For Equal Row    ,48.00%,Medium
1008,先序遍历构造二叉树 ,70.30%,中等,1008,Construct Binary Search Tree from Preorder Traversal    ,73.00%,Medium
1009,十进制整数的反码 ,54.80%,简单,1009,Complement of Base 10 Integer    ,58.90%,Easy
1010,总持续时间可被 60 整除的歌曲 ,41.00%,简单,1010,Pairs of Songs With Total Durations Divisible by 60    ,45.60%,Easy
1011,在 D 天内送达包裹的能力 ,43.60%,中等,1011,Capacity To Ship Packages Within D Days    ,53.30%,Medium
1012,至少有 1 位重复的数字 ,22.30%,困难,1012,Numbers With Repeated Digits    ,34.80%,Hard
1013,将数组分成和相等的三个部分 ,46.50%,简单,1013,Partition Array Into Three Parts With Equal Sum    ,55.50%,Easy
1014,最佳观光组合 ,37.00%,中等,1014,Best Sightseeing Pair    ,49.20%,Medium
1015,可被 K 整除的最小整数 ,22.70%,中等,1015,Smallest Integer Divisible by K    ,28.40%,Medium
1016,子串能表示从 1 到 N 数字的二进制串 ,53.20%,中等,1016,Binary String With Substrings Representing 1 To N    ,60.70%,Medium
1017,负二进制转换 ,46.60%,中等,1017,Convert to Base -2    ,56.70%,Medium
1018,可被 5 整除的二进制前缀 ,39.00%,简单,1018,Binary Prefix Divisible By 5    ,46.60%,Easy
1019,链表中的下一个更大节点 ,40.70%,中等,1019,Next Greater Node In Linked List    ,56.50%,Medium
1020,飞地的数量 ,43.80%,中等,1020,Number of Enclaves    ,54.70%,Medium
1021,删除最外层的括号 ,74.70%,简单,1021,Remove Outermost Parentheses    ,75.60%,Easy
1022,从根到叶的二进制数之和 ,38.10%,简单,1022,Sum of Root To Leaf Binary Numbers    ,56.00%,Easy
1023,驼峰式匹配 ,47.80%,中等,1023,Camelcase Matching    ,56.50%,Medium
1024,视频拼接 ,43.60%,中等,1024,Video Stitching    ,47.30%,Medium
1025,除数博弈 ,65.30%,简单,1025,Divisor Game    ,63.40%,Easy
1026,节点与其祖先之间的最大差值 ,48.20%,中等,1026,Maximum Difference Between Node and Ancestor    ,59.70%,Medium
1027,最长等差数列 ,31.50%,中等,1027,Longest Arithmetic Sequence    ,48.00%,Medium
1028,从先序遍历还原二叉树 ,60.00%,困难,1028,Recover a Tree From Preorder Traversal    ,70.10%,Hard
1029,两地调度 ,50.70%,简单,1029,Two City Scheduling    ,53.90%,Easy
1030,距离顺序排列矩阵单元格 ,57.30%,简单,1030,Matrix Cells in Distance Order    ,65.00%,Easy
1031,两个非重叠子数组的最大和 ,47.70%,中等,1031,Maximum Sum of Two Non-Overlapping Subarrays    ,55.30%,Medium
1032,字符流 ,20.90%,困难,1032,Stream of Characters    ,41.30%,Hard
1033,移动石子直到连续 ,33.10%,简单,1033,Moving Stones Until Consecutive    ,35.60%,Easy
1034,边框着色 ,34.30%,中等,1034,Coloring A Border    ,42.60%,Medium
1035,不相交的线 ,42.60%,中等,1035,Uncrossed Lines    ,51.80%,Medium
1036,逃离大迷宫 ,25.10%,困难,1036,Escape a Large Maze    ,36.50%,Hard
1037,有效的回旋镖 ,37.00%,简单,1037,Valid Boomerang    ,37.60%,Easy
1038,从二叉搜索树到更大和树 ,73.00%,中等,1038,Binary Search Tree to Greater Sum Tree    ,79.80%,Medium
1039,多边形三角剖分的最低得分 ,34.30%,中等,1039,Minimum Score Triangulation of Polygon    ,41.60%,Medium
1040,移动石子直到连续 II ,41.00%,中等,1040,Moving Stones Until Consecutive II    ,46.40%,Medium
1041,困于环中的机器人 ,35.50%,简单,1041,Robot Bounded In Circle    ,43.50%,Easy
1042,不邻接植花 ,37.60%,简单,1042,Flower Planting With No Adjacent    ,48.50%,Easy
1043,分隔数组以得到最大和 ,52.90%,中等,1043,Partition Array for Maximum Sum    ,62.30%,Medium
1044,最长重复子串 ,16.10%,困难,1044,Longest Duplicate Substring    ,22.90%,Hard
1045,买下所有产品的客户 ,45.70%,中等,1045,Customers Who Bought All Products    ,64.20%,Medium
1046,最后一块石头的重量 ,55.60%,简单,1046,Last Stone Weight    ,62.40%,Easy
1047,删除字符串中的所有相邻重复项 ,56.80%,简单,1047,Remove All Adjacent Duplicates In String    ,63.70%,Easy
1048,最长字符串链 ,26.20%,中等,1048,Longest String Chain    ,47.30%,Medium
1049,最后一块石头的重量 II ,31.90%,中等,1049,Last Stone Weight II    ,39.90%,Medium
1050,合作过至少三次的演员和导演 ,66.50%,简单,1050,Actors and Directors Who Cooperated At Least Three Times    ,75.20%,Easy
1051,高度检查器 ,69.80%,简单,1051,Height Checker    ,69.50%,Easy
1052,爱生气的书店老板 ,40.80%,中等,1052,Grumpy Bookstore Owner    ,52.10%,Medium
1053,交换一次的先前排列 ,38.30%,中等,1053,Previous Permutation With One Swap    ,47.30%,Medium
1054,距离相等的条形码 ,25.60%,中等,1054,Distant Barcodes    ,38.60%,Medium
1055,形成字符串的最短路径 ,32.60%,中等,1055,Shortest Way to Form String    ,58.10%,Medium
1056,易混淆数 ,29.80%,简单,1056,Confusing Number    ,52.10%,Easy
1057,校园自行车分配 ,18.90%,中等,1057,Campus Bikes    ,58.70%,Medium
1058,最小化舍入误差以满足目标 ,18.50%,中等,1058,Minimize Rounding Error to Meet Target    ,41.80%,Medium
1059,从始点到终点的所有路径 ,18.80%,中等,1059,All Paths from Source Lead to Destination    ,45.40%,Medium
1060,有序数组中的缺失元素 ,38.40%,中等,1060,Missing Element in Sorted Array    ,54.40%,Medium
1061,按字典序排列最小的等效字符串 ,37.90%,中等,1061,Lexicographically Smallest Equivalent String    ,59.50%,Medium
1062,最长重复子串 ,31.90%,中等,1062,Longest Repeating Substring    ,51.10%,Medium
1063,有效子数组的数目 ,50.20%,困难,1063,Number of Valid Subarrays    ,74.40%,Hard
1064,不动点 ,84.40%,简单,1064,Fixed Point    ,79.90%,Easy
1065,字符串的索引对 ,42.60%,简单,1065,Index Pairs of a String    ,59.30%,Easy
1066,校园自行车分配 II ,18.30%,中等,1066,Campus Bikes II    ,43.70%,Medium
1067,范围内的数字计数 ,22.80%,困难,1067,Digit Count in Range    ,34.60%,Hard
1068,Product Sales Analysis I ,59.20%,简单,1068,Product Sales Analysis I    ,76.90%,Easy
1069,Product Sales Analysis II ,77.50%,简单,1069,Product Sales Analysis II    ,80.00%,Easy
1070,Product Sales Analysis III ,36.20%,中等,1070,Product Sales Analysis III    ,42.80%,Medium
1071,字符串的最大公因子 ,41.10%,简单,1071,Greatest Common Divisor of Strings    ,53.60%,Easy
1072,按列翻转得到最大值等行数 ,38.50%,中等,1072,Flip Columns For Maximum Number of Equal Rows    ,56.40%,Medium
1073,负二进制数相加 ,26.10%,中等,1073,Adding Two Negabinary Numbers    ,31.70%,Medium
1074,元素和为目标值的子矩阵数量 ,33.70%,困难,1074,Number of Submatrices That Sum to Target    ,58.70%,Hard
1075,Project Employees I ,N/A,简单,1075,Project Employees I    ,58.40%,Easy
1076,Project Employees II ,50.00%,简单,1076,Project Employees II    ,53.00%,Easy
1077,Project Employees III ,50.00%,中等,1077,Project Employees III    ,76.90%,Medium
1078,Bigram 分词 ,62.30%,简单,1078,Occurrences After Bigram    ,67.30%,Easy
1079,活字印刷 ,67.10%,中等,1079,Letter Tile Possibilities    ,76.40%,Medium
1080,根到叶路径上的不足节点 ,35.60%,中等,1080,Insufficient Nodes in Root to Leaf Paths    ,41.20%,Medium
1081,不同字符的最小子序列 ,36.50%,中等,1081,Smallest Subsequence of Distinct Characters    ,42.90%,Medium
1082,Sales Analysis I ,33.30%,简单,1082,Sales Analysis I    ,73.40%,Easy
1083,Sales Analysis II ,42.90%,简单,1083,Sales Analysis II    ,54.70%,Easy
1084,Sales Analysis III ,27.30%,简单,1084,Sales Analysis III    ,57.20%,Easy
1085,最小元素各数位之和 ,70.40%,简单,1085,Sum of Digits in the Minimum Number    ,75.20%,Easy
1086,前五科的均分 ,62.90%,简单,1086,High Five    ,76.90%,Easy
1087,字母切换 ,34.20%,中等,1087,Brace Expansion    ,57.70%,Medium
1088,易混淆数 II ,19.60%,困难,1088,Confusing Number II    ,34.20%,Hard
1089,复写零 ,49.00%,简单,1089,Duplicate Zeros    ,58.70%,Easy
1090,受标签影响的最大值 ,40.60%,中等,1090,Largest Values From Labels    ,56.10%,Medium
1091,二进制矩阵中的最短路径 ,21.30%,中等,1091,Shortest Path in Binary Matrix    ,36.00%,Medium
1092,最短公共超序列 ,32.50%,困难,1092,Shortest Common Supersequence    ,47.40%,Hard
1093,大样本统计 ,30.70%,中等,1093,Statistics from a Large Sample    ,41.50%,Medium
1094,拼车 ,47.20%,中等,1094,Car Pooling    ,57.20%,Medium
1095,山脉数组中查找目标值 ,23.30%,困难,1095,Find in Mountain Array    ,32.70%,Hard
1096,花括号展开 II ,42.80%,困难,1096,Brace Expansion II,53.70%,Hard
1097,Game Play Analysis V 新,22.20%,困难,1097,Game Play Analysis V,40.50%,Hard
1098,Unpopular Books 新,33.30%,中等,1098,Unpopular Books,45.30%,Medium
1099,小于 K 的两数之和,45.70%,简单,1099,Two Sum Less Than K,62.00%,Easy
1100,长度为 K 的无重复字符子串,57.80%,中等,1100,Find K-Length Substrings With No Repeated Characters,72.30%,Medium
1101,彼此熟识的最早时间,56.40%,中等,1101,The Earliest Moment When Everyone Become Friends,62.90%,Medium
1102,得分最高的路径,17.20%,中等,1102,Path With Maximum Minimum Value,42.50%,Medium
1103,分糖果 II,59.10%,简单,1103,Distribute Candies to People,61.90%,Easy
1104,二叉树寻路,59.80%,中等,1104,Path In Zigzag Labelled Binary Tree,71.00%,Medium
1105,填充书架,47.40%,中等,1105,Filling Bookcase Shelves,54.10%,Medium
1106,解析布尔表达式,51.50%,困难,1106,Parsing A Boolean Expression,58.80%,Hard
1107,每日新用户统计    ,39.50%,中等,1107,New Users Daily Count,45.20%,Medium
1108,IP 地址无效化,79.30%,简单,1108,Defanging an IP Address,87.20%,Easy
1109,航班预订统计,26.20%,中等,1109,Corporate Flight Bookings,47.60%,Medium
1110,删点成林,50.70%,中等,1110,Delete Nodes And Return Forest,61.90%,Medium
1111,有效括号的嵌套深度,63.50%,中等,1111,Maximum Nesting Depth of Two Valid Parentheses Strings,63.90%,Medium
1112,每位学生的最高成绩    ,56.10%,中等,1112,Highest Grade For Each Student,59.20%,Medium
1113,Reported Posts    ,58.60%,简单,1113,Reported Posts,67.30%,Easy
1114,按序打印,54.40%,简单,1114,Print in Order,59.10%,Easy
1115,交替打印FooBar,57.80%,中等,1115,Print FooBar Alternately,59.00%,Medium
1116,打印零与奇偶数,43.10%,中等,1116,Print Zero Even Odd,55.50%,Medium
1117,H2O 生成,31.30%,困难,1117,Building H2O,50.90%,Hard
1118,一月有多少天,63.70%,简单,1118,Number of Days in a Month,57.50%,Easy
1119,删去字符串中的元音,87.90%,简单,1119,Remove Vowels from a String,89.90%,Easy
1120,子树的最大平均值,54.10%,中等,1120,Maximum Average Subtree,61.60%,Medium
1121,将数组分成几个递增序列,47.00%,困难,1121,Divide Array Into Increasing Sequences,52.40%,Hard
1122,数组的相对排序,61.40%,简单,1122,Relative Sort Array,68.30%,Easy
1123,最深叶节点的最近公共祖先,55.30%,中等,1123,Lowest Common Ancestor of Deepest Leaves,65.10%,Medium
1124,表现良好的最长时间段,13.50%,中等,1124,Longest Well-Performing Interval,28.70%,Medium
1125,最小的必要团队,33.50%,困难,1125,Smallest Sufficient Team,45.60%,Hard
1126,Active Businesses    ,50.20%,中等,1126,Active Businesses New,67.50%,Medium
1127,User Purchase Platform    ,43.80%,困难,1127,User Purchase Platform New,47.30%,Hard
1128,等价多米诺骨牌对的数量    ,35.60%,简单,1128,Number of Equivalent Domino Pairs New,36.30%,Easy
1129,颜色交替的最短路径    ,27.40%,中等,1129,Shortest Path with Alternating Colors New,29.50%,Medium
1130,叶值的最小代价生成树    ,52.30%,中等,1130,Minimum Cost Tree From Leaf Values New,49.50%,Medium
1131,绝对值表达式的最大值    ,31.90%,中等,1131,Maximum of Absolute Value Expression New,42.40%,Medium
1132,,,,1132,Reported Posts II    ,,Medium
1133,最大唯一数    ,57.50%,简单,1133,Largest Unique Number    ,,Easy
1134,阿姆斯特朗数    ,72.50%,简单,1134,Armstrong Number    ,,Easy
1135,最低成本联通所有城市    ,30.00%,中等,1135,Connecting Cities With Minimum Cost    ,,Medium
1136,平行课程    ,50.40%,困难,1136,Parallel Courses    ,,Hard
1137,第 N 个泰波那契数    ,55.60%,简单,1137,N-th Tribonacci Number    ,,Easy
1138,字母板上的路径    ,33.60%,中等,1138,Alphabet Board Path    ,,Medium
1139,最大的以 1 为边界的正方形    ,38.40%,中等,1139,Largest 1-Bordered Square    ,,Medium
1140,石子游戏 II    ,52.90%,中等,1140,Stone Game II    ,,Medium
1141,,,,1141,User Activity for the Past 30 Days I    ,,Easy
1142,,,,1142,User Activity for the Past 30 Days II    ,,Easy
1143,,,,1143,Longest Common Subsequence    ,,Medium
1144,递减元素使数组呈锯齿状    ,36.20%,中等,1144,Decrease Elements To Make Array Zigzag    ,,Medium
1145,二叉树着色游戏    ,33.20%,中等,1145,Binary Tree Coloring Game    ,,Medium
1146,快照数组    ,18.00%,中等,1146,Snapshot Array    ,,Medium
1147,段式回文    ,49.80%,困难,1147,Longest Chunked Palindrome Decomposition    ,,Hard
1148,,,,1148,Article Views I    ,,Easy
1149,,,,1149,Article Views II    ,,Medium
1150,检查一个数是否在数组中占绝大多数    ,64.90%,简单,1150,Check If a Number Is Majority Element in a Sorted Array    ,,Easy
1151,最少交换次数来组合所有的 1    ,33.70%,中等,1151,Minimum Swaps to Group All 1's Together    ,,Medium
1152,用户网站访问行为分析    ,25.80%,中等,1152,Analyze User Website Visit Pattern    ,,Medium
1153,字符串转化    ,26.00%,困难,1153,String Transforms Into Another String    ,,Hard
1154,一年中的第几天    ,50.00%,简单,1154,Day of the Year    ,,Easy
1155,掷骰子的N种方法    ,41.00%,中等,1155,Number of Dice Rolls With Target Sum    ,,Medium
1156,单字符重复子串的最大长度    ,39.90%,中等,1156,Swap For Longest Repeated Character Substring    ,,Medium
1157,子数组中占绝大多数的元素    ,20.40%,困难,1157,Online Majority Element In Subarray    ,,Hard
1158,,,,1158,Market Analysis I    ,,Medium
1159,,,,1159,Market Analysis II    ,,Hard
1160,拼写单词    ,61.40%,简单,1160,Find Words That Can Be Formed by Characters    ,,Easy
1161,最大层内元素和    ,63.50%,中等,1161,Maximum Level Sum of a Binary Tree    ,,Medium
1162,地图分析    ,29.80%,中等,1162,As Far from Land as Possible    ,,Medium
1163,按字典序排在最后的子串    ,21.90%,困难,1163,Last Substring in Lexicographical Order    ,,Hard
1164,,,,1164,Product Price at a Given Date    ,,Medium
1165,单行键盘    ,83.70%,简单,1165,Single-Row Keyboard    ,,Easy
1166,设计文件系统    ,48.20%,中等,1166,Design File System    ,,Medium
1167,连接棒材的最低费用    ,28.90%,中等,1167,Minimum Cost to Connect Sticks    ,,Medium
1168,水资源分配优化    ,33.40%,困难,1168,Optimize Water Distribution in a Village    ,,Hard
1169,查询无效交易    ,24.70%,简单,1169,Invalid Transactions    ,,Medium
1170,比较字符串最小字母出现频次    ,55.70%,简单,1170,Compare Strings by Frequency of the Smallest Character    ,,Easy
1171,从链表中删去总和值为零的连续节点    ,28.30%,中等,1171,Remove Zero Sum Consecutive Nodes from Linked List    ,,Medium
1172,餐盘栈    ,21.10%,困难,1172,Dinner Plate Stacks    ,,Hard
1173,,,,1173,Immediate Food Delivery I    ,,Easy
1174,,,,1174,Immediate Food Delivery II    ,,Medium
1175,质数排列    ,43.00%,简单,1175,Prime Arrangements    ,,Easy
1176,健身计划评估    ,36.60%,简单,1176,Diet Plan Performance    ,,Easy
1177,构建回文串检测    ,17.90%,中等,1177,Can Make Palindrome from Substring    ,,Medium
1178,猜字谜    ,22.00%,困难,1178,Number of Valid Words for Each Puzzle    ,,Hard
1179,,,,1179,Reformat Department Table    ,,Easy
1180,统计只含单一字母的子串    ,70.30%,简单,1180,Count Substrings with Only One Distinct Letter    ,,Easy
1181,前后拼接    ,32.50%,中等,1181,Before and After Puzzle    ,,Medium
1182,与目标颜色间的最短距离    ,22.80%,中等,1182,Shortest Distance to Target Color    ,,Medium
1183,矩阵中 1 的最大数量    ,31.20%,困难,1183,Maximum Number of Ones    ,,Hard
1184,公交站间的距离    ,54.30%,简单,1184,Distance Between Bus Stops    ,,Easy
1185,一周中的第几天    ,56.60%,简单,1185,Day of the Week    ,,Easy
1186,删除一次得到子数组最大和    ,21.40%,中等,1186,Maximum Subarray Sum with One Deletion    ,,Medium
1187,使数组严格递增    ,31.50%,困难,1187,Make Array Strictly Increasing    ,,Hard
1188,,,,1188,Design Bounded Blocking Queue    ,,Medium
1189,“气球” 的最大数量    ,60.60%,简单,1189,Maximum Number of Balloons    ,,Easy
1190,反转每对括号间的子串    ,43.70%,中等,1190,Reverse Substrings Between Each Pair of Parentheses    ,,Medium
1191,K 次串联后最大子数组之和    ,21.30%,中等,1191,K-Concatenation Maximum Sum    ,,Medium
1192,查找集群内的「关键连接」    ,25.70%,困难,1192,Critical Connections in a Network    ,,Hard
1193,每月交易 I    新,36.40%,中等,1193,Monthly Transactions I    New,,Medium
1194,锦标赛优胜者    ,40.00%,困难,,Tournament Winners    New,,Hard
1195,交替打印字符串    ,57.20%,中等,,Fizz Buzz Multithreaded    New,,Medium
1196,最多可以买到的苹果数量    ,67.10%,简单,,How Many Apples Can You Put into the Basket    ,,Easy
1197,进击的骑士    ,26.50%,中等,,Minimum Knight Moves    ,,Medium
1198,找出所有行中最小公共元素    ,69.70%,中等,,Find Smallest Common Element in All Rows    ,,Medium
1199,建造街区的最短时间    ,32.10%,困难,,Minimum Time to Build Blocks    ,,Hard
1200,最小绝对差    ,63.20%,简单,,Minimum Absolute Difference    ,66.00%,Easy
1201,丑数 III    ,17.20%,中等,,Ugly Number III    ,25.10%,Medium
1202,交换字符串中的元素    ,25.20%,中等,,Smallest String With Swaps    ,41.80%,Medium
1203,项目管理    ,30.40%,困难,,Sort Items by Groups Respecting Dependencies    ,44.60%,Hard
1204,Last Person to Fit in the Elevator    ,44.30%,中等,,Last Person to Fit in the Elevator    ,68.70%,Medium
1205,每月交易II    ,38.60%,中等,,Monthly Transactions II    ,45.70%,Medium
1206,设计跳表    ,49.80%,困难,,Design Skiplist    ,59.60%,Hard
1207,独一无二的出现次数    ,66.40%,简单,,Unique Number of Occurrences    ,72.20%,Easy
1208,尽可能使字符串相等    ,28.10%,中等,,Get Equal Substrings Within Budget    ,37.10%,Medium
1209,删除字符串中的所有相邻重复项 II    ,50.40%,中等,,Remove All Adjacent Duplicates in String II    ,56.50%,Medium
1210,穿过迷宫的最少移动次数    ,41.50%,困难,,Minimum Moves to Reach Target with Rotations    ,43.20%,Hard
1211,Queries Quality and Percentage    ,67.50%,简单,,Queries Quality and Percentage    ,66.70%,Easy
1212,Team Scores in Football Tournament    ,54.70%,中等,,Team Scores in Football Tournament    ,53.80%,Medium
1213,三个有序数组的交集    ,74.40%,简单,,Intersection of Three Sorted Arrays    ,77.10%,Easy
1214,查找两棵二叉搜索树之和    ,59.20%,中等,,Two Sum BSTs    ,65.30%,Medium
1215,步进数    ,33.40%,中等,,Stepping Numbers    ,36.60%,Medium
1216,验证回文字符串 III    ,45.40%,困难,,Valid Palindrome III    ,42.60%,Hard
1217,玩筹码    ,65.50%,简单,,Play with Chips    ,63.60%,Easy
1218,最长定差子序列    ,32.80%,中等,,Longest Arithmetic Subsequence of Given Difference    ,39.60%,Medium
1219,黄金矿工    ,60.00%,中等,,Path with Maximum Gold    ,61.80%,Medium
1220,统计元音字母序列的数目    ,52.40%,困难,,Count Vowels Permutation    ,51.30%,Hard
1221,分割平衡字符串    ,76.10%,简单,,Split a String in Balanced Strings    ,79.10%,Easy
1222,可以攻击国王的皇后    ,62.10%,中等,,Queens That Can Attack the King    ,68.50%,Medium
1223,掷骰子模拟    ,39.40%,中等,,Dice Roll Simulation    ,42.40%,Medium
1224,最大相等频率    ,27.70%,困难,,Maximum Equal Frequency    ,31.80%,Hard
1225,报告系统状态的连续日期    ,59.40%,困难,,Report Contiguous Dates    ,62.80%,Hard
1226,哲学家进餐    ,53.30%,中等,,The Dining Philosophers    ,45.90%,Medium
1227,飞机座位分配概率    ,63.30%,中等,,Airplane Seat Assignment Probability    ,60.20%,Medium
1228,等差数列中缺失的数字    ,53.10%,简单,,Missing Number In Arithmetic Progression    ,52.50%,Easy
1229,安排会议日程    ,30.50%,中等,,Meeting Scheduler    ,42.20%,Medium
1230,抛掷硬币    ,38.40%,中等,,Toss Strange Coins    ,44.20%,Medium
1231,分享巧克力    ,53.20%,困难,,Divide Chocolate    ,50.60%,Hard
1232,缀点成线    ,47.80%,简单,,Check If It Is a Straight Line    ,47.20%,Easy
1233,删除子文件夹    ,39.70%,中等,,Remove Sub-Folders from the Filesystem    ,54.30%,Medium
1234,替换子串得到平衡字符串    ,26.20%,中等,,Replace the Substring for Balanced String    ,30.60%,Medium
1235,规划兼职工作    ,40.60%,困难,,Maximum Profit in Job Scheduling    ,44.10%,Hard
1236,Web Crawler    ,48.60%,中等,,Web Crawler    ,65.20%,Medium
1237,找出给定方程的正整数解    ,67.20%,简单,,Find Positive Integer Solution for a Given Equation    ,67.10%,Easy
1238,循环码排列    ,57.90%,中等,,Circular Permutation in Binary Representation    ,58.90%,Medium
1239,串联字符串的最大长度    ,34.40%,中等,,Maximum Length of a Concatenated String with Unique Characters    ,41.90%,Medium
1240,铺瓷砖    ,44.30%,困难,,Tiling a Rectangle with the Fewest Squares    ,48.80%,Hard
1241,每个帖子的评论数    ,65.40%,简单,,Number of Comments per Post    ,71.90%,Easy
1242,多线程网页爬虫    ,38.30%,中等,,Web Crawler Multithreaded    ,46.40%,Medium
1243,数组变换    ,50.10%,简单,,Array Transformation    ,52.30%,Easy
1244,力扣排行榜    ,47.80%,中等,,Design A Leaderboard    ,53.80%,Medium
1245,树的直径    ,41.20%,中等,,Tree Diameter    ,54.20%,Medium
1246,删除回文子数组    ,41.20%,困难,,Palindrome Removal    ,42.90%,Hard
1247,交换字符使得字符串相同    ,50.50%,中等,,Minimum Swaps to Make Strings Equal    ,57.30%,Medium
1248,统计「优美子数组」    ,46.40%,中等,,Count Number of Nice Subarrays    ,53.10%,Medium
1249,移除无效的括号    ,52.00%,中等,,Minimum Remove to Make Valid Parentheses    ,59.10%,Medium
1250,检查「好数组」    ,48.00%,困难,,Check If It Is a Good Array    ,51.30%,Hard
1251,Average Selling Price    ,77.40%,简单,,Average Selling Price    ,81.80%,Easy
1252,奇数值单元格的数目    ,74.60%,简单,,Cells with Odd Values in a Matrix    ,78.40%,Easy
1253,重构 2 行二进制矩阵    ,33.40%,中等,,Reconstruct a 2-Row Binary Matrix    ,38.10%,Medium
1254,统计封闭岛屿的数目    ,56.60%,中等,,Number of Closed Islands    ,59.80%,Medium
1255,得分最高的单词集合    ,64.90%,困难,,Maximum Score Words Formed by Letters    ,70.10%,Hard
1256,加密数字    ,57.10%,中等,,Encode Number    ,62.90%,Medium
1257,最小公共区域    ,48.00%,中等,,Smallest Common Region    ,53.40%,Medium
1258,近义词句子    ,55.00%,中等,,Synonymous Sentences    ,58.50%,Medium
1259,不相交的握手    ,44.00%,困难,,Handshakes That Don't Cross    ,51.50%,Hard
1260,二维网格迁移    ,56.80%,简单,,Shift 2D Grid    ,59.10%,Easy
1261,在受污染的二叉树中查找元素    ,68.70%,中等,,Find Elements in a Contaminated Binary Tree    ,72.40%,Medium
1262,可被三整除的最大和    ,39.80%,中等,,Greatest Sum Divisible by Three    ,40.30%,Medium
1263,推箱子    ,39.40%,困难,,Minimum Moves to Move a Box to Their Target Location    ,36.60%,Hard
1264,Page Recommendations    ,52.70%,中等,,Page Recommendations    ,62.90%,Medium
1265,Print Immutable Linked List in Reverse    新,95.70%,中等,,Print Immutable Linked List in Reverse    New,94.60%,Medium
1266,访问所有点的最小时间    ,78.50%,简单,,Minimum Time Visiting All Points    ,80.20%,Easy
1267,统计参与通信的服务器    ,58.90%,中等,,Count Servers that Communicate    ,58.50%,Medium
1268,搜索推荐系统    ,46.80%,中等,,Search Suggestions System    ,50.00%,Medium
1269,停在原地的方案数    ,35.40%,困难,,Number of Ways to Stay in the Same Place After Some Steps    ,39.50%,Hard
1270,All People Report to the Given Manager    新,87.50%,中等,,All People Report to the Given Manager    New,87.10%,Medium
